heading_area_m2,heading_length_m,explosive_kg,fan_capacity_m3s,duct_distance_from_face_m,temperature_c,humidity_pct,initial_co_ppm,initial_nox_ppm,safe_reentry_time_mins
15.0,92.3,110.7,14.0,18.0,32.1,92.0,1230.0,369.48,39.5
24.2,87.5,125.6,12.7,8.4,35.8,78.4,905.0,137.55,17.8
20.7,33.1,60.1,9.3,22.4,26.6,85.4,1963.0,260.3,29.6
18.6,70.9,105.0,5.1,17.3,26.7,75.3,1448.0,405.77,109.2
11.5,75.6,98.6,12.4,8.1,32.2,82.1,2605.0,466.71,18.4
11.5,77.9,129.9,9.3,24.2,37.3,71.9,2804.0,829.22,27.1
9.9,99.6,138.7,16.0,15.4,30.4,70.5,2739.0,521.03,15.0
22.9,94.0,31.5,5.4,6.5,29.3,80.2,295.0,80.19,42.8
18.6,102.9,110.9,13.8,17.5,32.9,77.4,1280.0,219.59,35.0
20.3,121.8,36.2,19.1,10.1,37.1,80.3,259.0,86.56,15.6
9.3,127.6,95.9,7.6,21.1,35.9,70.0,1306.0,470.39,49.7
24.5,116.2,64.5,12.1,21.4,37.9,72.8,466.0,75.12,36.7
22.3,144.7,66.8,6.4,24.6,25.3,62.9,378.0,114.72,114.0
12.4,32.2,72.4,14.4,15.0,26.5,61.8,3522.0,977.39,15.0
11.9,53.5,104.6,13.3,14.1,32.9,68.9,3524.0,466.55,18.0
11.9,30.9,70.1,11.1,20.1,35.7,62.6,3789.0,854.48,15.0
13.9,107.7,117.9,12.8,7.6,28.7,63.6,1674.0,180.87,20.1
17.4,137.8,78.5,18.4,15.9,28.1,88.5,670.0,175.23,21.3
15.9,59.2,38.2,7.9,15.9,35.2,61.4,908.0,109.4,23.4
13.7,141.2,124.1,5.3,6.8,25.7,83.1,1418.0,146.81,68.2
18.8,37.2,64.3,17.9,13.4,29.8,69.5,1869.0,330.92,15.0
11.2,142.1,81.9,13.7,22.1,31.6,90.5,1118.0,221.08,45.2
13.7,72.2,112.3,18.4,22.1,32.3,77.0,2699.0,616.26,27.9
14.9,42.2,69.9,14.0,7.0,34.5,70.7,2155.0,657.65,15.0
16.3,88.3,36.8,17.2,6.8,29.6,78.1,489.0,96.07,15.7
21.6,60.8,74.9,11.4,10.3,33.0,73.4,1293.0,128.0,15.5
12.2,64.2,143.3,16.2,22.5,32.6,79.8,3814.0,914.97,20.7
17.2,66.9,107.0,18.7,7.6,32.1,64.0,1459.0,395.74,15.0
18.5,126.4,110.6,13.6,19.4,33.3,94.9,1133.0,179.55,44.3
9.7,94.7,105.9,7.7,7.0,28.4,74.9,1757.0,371.44,35.3
18.7,67.4,53.9,9.0,17.5,26.1,72.2,961.0,171.32,19.2
11.7,103.2,80.2,8.0,12.1,26.6,84.9,1496.0,222.2,32.7
10.0,115.9,120.1,8.7,20.8,27.9,72.7,2531.0,518.79,52.3
24.2,62.7,42.2,9.6,9.7,31.5,89.2,432.0,116.09,26.7
24.5,79.6,63.3,13.3,17.8,35.9,75.9,682.0,179.19,28.4
21.9,44.6,63.2,13.8,9.7,34.1,85.2,1244.0,269.33,22.1
13.9,51.7,81.8,11.4,19.3,35.3,63.8,2087.0,336.7,22.5
10.6,111.7,147.6,14.2,22.5,29.6,89.6,1989.0,676.08,28.7
19.9,51.8,38.1,6.2,7.5,30.3,85.8,761.0,156.01,20.9
16.0,93.0,92.2,6.3,22.3,30.1,67.4,1223.0,174.77,73.8
11.0,115.1,51.5,7.6,16.9,27.5,65.1,656.0,183.7,36.3
16.9,42.8,146.5,12.8,7.5,25.8,71.1,4270.0,693.45,15.0
9.6,98.1,43.6,8.2,13.6,32.7,94.2,1042.0,250.3,38.1
23.5,60.8,78.4,9.2,8.2,37.9,69.0,1242.0,208.93,25.0
13.1,145.6,118.5,11.0,19.0,27.2,76.0,1491.0,304.07,55.8
19.6,88.0,114.5,17.2,20.2,25.6,61.1,1268.0,158.15,20.4
14.0,126.7,80.7,5.2,7.1,35.1,73.9,1117.0,163.24,44.0
17.3,96.0,71.6,14.7,15.1,28.3,80.0,1018.0,255.34,19.6
17.7,35.2,77.7,15.0,21.3,35.8,93.4,2234.0,650.91,15.0
12.0,106.0,61.7,17.0,23.7,34.2,78.1,808.0,128.55,30.4
24.5,144.2,54.6,19.0,15.3,37.3,88.7,299.0,48.1,31.0
21.4,102.2,88.0,5.3,24.0,30.3,79.1,765.0,133.5,116.1
24.0,128.3,62.2,7.3,15.7,33.6,61.4,419.0,92.86,55.6
23.3,136.1,64.5,18.3,12.9,31.0,71.0,423.0,102.18,36.7
18.6,57.4,108.8,11.9,22.0,33.2,80.1,2298.0,510.58,27.3
23.7,55.4,146.2,13.5,14.9,30.8,93.3,2232.0,448.56,33.5
10.4,103.3,102.4,14.9,14.4,27.5,90.1,1528.0,499.1,31.7
12.1,79.3,39.2,15.2,14.8,31.6,68.0,961.0,152.78,15.0
9.7,130.8,39.1,19.0,21.9,31.9,67.7,556.0,76.67,17.1
14.2,138.0,144.2,20.0,21.6,35.5,67.0,1817.0,313.13,27.5
15.2,72.4,65.7,15.8,13.1,34.6,92.3,964.0,346.2,24.5
13.3,58.4,41.0,9.3,11.7,33.6,89.8,1295.0,272.36,20.3
22.3,123.7,101.9,18.2,14.8,26.5,87.1,589.0,159.7,29.3
14.7,63.0,104.8,5.7,16.5,34.4,73.7,1959.0,519.2,42.0
13.5,128.7,107.8,8.5,9.8,31.5,77.7,960.0,355.2,41.8
17.7,80.8,62.1,18.5,20.9,36.6,76.3,958.0,161.27,18.0
11.3,110.1,31.8,8.8,14.7,37.0,68.9,603.0,85.37,28.1
21.8,41.5,145.8,8.3,11.7,25.7,77.7,3115.0,951.58,33.5
10.2,104.9,60.1,7.1,7.1,35.7,61.1,1366.0,306.69,21.6
24.8,84.2,111.1,17.9,9.8,25.5,64.6,1113.0,175.24,15.9
21.4,100.4,114.8,12.5,24.0,29.8,91.0,1140.0,206.42,87.9
12.2,50.2,103.2,15.1,11.1,32.0,86.3,3962.0,618.3,15.0
9.1,118.4,67.5,8.6,8.4,26.9,74.8,1128.0,162.95,15.0
22.0,133.5,62.5,16.4,14.2,34.7,78.1,394.0,123.85,27.0
20.3,56.0,101.7,16.4,11.1,25.1,72.9,2151.0,323.46,15.0
20.7,41.5,133.9,9.7,5.7,27.2,85.9,3751.0,859.48,15.0
21.3,32.8,143.6,11.2,11.5,32.6,87.4,5075.0,565.1,20.8
10.2,107.0,42.7,8.1,15.9,34.3,86.7,941.0,164.21,27.0
14.7,102.9,48.6,19.6,16.0,36.9,85.3,522.0,67.18,15.0
10.9,95.6,143.4,14.7,12.1,34.2,67.2,3211.0,698.68,20.5
22.8,57.8,118.4,19.0,13.9,33.7,71.8,1714.0,388.01,20.0
19.0,76.9,136.0,9.6,24.3,30.1,76.4,2321.0,419.51,81.9
14.3,101.3,54.3,16.7,12.5,25.0,71.6,740.0,82.75,16.8
10.0,89.6,100.5,16.5,10.2,26.6,86.4,2300.0,318.47,15.0
14.0,148.5,114.1,15.4,9.9,31.9,71.5,1116.0,126.31,26.8
14.2,46.4,111.6,19.5,14.2,33.8,64.8,3087.0,534.77,15.1
20.7,113.4,79.0,10.9,20.2,30.4,74.0,531.0,151.9,41.1
19.2,78.5,31.8,7.0,9.1,34.5,94.3,506.0,90.09,37.0
23.2,81.4,100.0,15.1,19.2,31.8,67.9,1219.0,235.54,51.2
16.6,116.1,60.4,15.9,5.4,26.0,81.4,515.0,131.81,21.0
10.9,113.1,84.0,13.6,13.4,27.5,75.2,1550.0,210.52,22.3
20.4,149.0,144.9,8.1,20.5,35.9,62.5,1013.0,141.94,87.3
21.2,45.4,77.9,12.6,11.8,34.4,77.1,1547.0,206.44,15.0
18.0,42.5,130.8,9.7,16.3,36.6,84.6,3002.0,923.64,15.1
21.3,116.9,52.6,11.4,9.1,26.5,78.0,498.0,94.21,29.8
16.9,99.4,110.7,14.7,19.8,37.9,90.5,1450.0,180.93,25.8
17.4,62.9,147.2,16.2,6.0,27.7,70.1,2761.0,365.19,15.0
15.8,39.5,42.2,8.5,22.1,25.2,63.0,1423.0,370.37,32.2
9.4,40.3,31.0,11.1,9.0,38.0,92.8,1302.0,406.69,15.0
10.7,137.3,82.0,9.0,22.5,28.7,73.2,1099.0,258.31,33.3
9.5,53.0,41.1,8.0,12.1,33.7,80.2,1382.0,295.99,21.8
19.2,68.8,119.8,16.8,19.5,27.3,87.7,1551.0,276.67,29.5
14.0,57.2,139.7,18.6,11.4,32.5,71.4,3764.0,1030.54,15.0
17.1,72.6,82.1,10.6,23.1,36.8,85.1,1591.0,342.34,43.3
23.5,38.3,61.0,16.3,7.5,29.2,64.7,1289.0,217.15,22.0
13.0,92.3,82.1,18.5,8.6,33.7,70.2,1170.0,369.31,15.0
15.6,38.1,116.8,17.7,14.9,27.4,65.1,4231.0,991.51,15.7
21.1,126.0,31.1,7.7,6.6,33.1,88.4,277.0,37.29,26.1
12.7,58.0,100.7,19.3,8.9,29.4,67.8,3082.0,508.02,15.0
10.2,94.8,103.6,10.7,23.9,27.7,85.1,2530.0,293.04,36.2
13.6,135.6,106.5,10.1,24.5,29.1,93.0,1173.0,140.8,57.7
11.6,108.1,59.0,5.9,12.5,27.3,78.5,1062.0,230.69,26.8
23.9,94.0,115.7,12.3,23.5,36.7,78.9,846.0,158.33,56.3
21.9,68.9,41.0,6.6,15.9,30.2,76.1,501.0,143.12,59.7
19.1,70.0,53.9,8.7,10.4,28.2,71.4,761.0,240.93,28.0
22.9,110.3,135.3,9.8,19.0,30.8,76.6,1075.0,123.27,36.8
21.9,149.3,118.6,17.1,18.2,29.2,81.1,883.0,141.5,66.3
12.0,109.4,31.6,18.1,24.8,34.7,94.5,573.0,125.69,23.3
23.3,96.9,59.8,9.5,10.3,37.6,92.8,433.0,136.63,56.4
17.6,117.7,55.7,17.9,18.4,30.7,90.2,449.0,135.39,44.7
21.9,85.8,62.5,17.9,6.0,36.2,91.1,617.0,112.82,15.0
23.3,37.2,59.7,16.5,7.3,32.4,76.4,1231.0,262.28,15.0
14.1,97.5,37.5,7.2,5.1,27.0,83.0,578.0,119.61,21.3
10.8,144.9,85.1,15.4,25.0,34.0,91.3,1311.0,321.64,38.6
12.6,51.0,117.9,19.2,21.0,31.7,73.8,4499.0,604.79,15.0
15.8,112.8,102.8,15.2,20.7,33.5,93.7,1240.0,327.67,40.9
22.1,54.1,110.7,10.0,15.2,36.6,74.6,2166.0,285.14,24.9
22.8,94.3,39.7,12.5,11.0,30.7,81.0,375.0,110.22,39.8
9.1,41.6,144.2,14.7,8.0,36.7,84.8,6498.0,1780.58,15.0
17.2,84.0,130.6,12.7,10.7,34.8,93.3,1832.0,348.81,16.6
15.7,120.7,126.6,6.8,12.5,31.4,68.6,1374.0,297.87,74.2
12.6,71.7,128.8,9.7,20.1,32.8,86.1,3207.0,441.98,49.4
10.9,109.8,141.9,17.0,15.8,29.2,78.2,2036.0,366.66,22.9
14.4,125.5,95.3,17.9,6.5,37.8,69.4,986.0,129.46,15.0
24.1,141.3,54.0,7.1,5.4,33.7,87.2,296.0,39.01,36.2
14.2,58.2,104.0,19.3,7.0,25.6,79.3,3104.0,427.93,15.0
17.3,77.9,119.1,9.9,13.2,29.2,83.1,1718.0,446.47,27.6
20.2,48.3,118.6,14.9,23.7,33.1,71.3,2734.0,537.34,28.7
14.8,149.1,92.6,16.3,17.7,25.7,76.8,943.0,101.0,20.7
24.5,141.2,38.2,17.2,21.0,25.3,81.6,195.0,59.62,33.2
24.4,94.8,74.5,19.2,14.3,30.9,74.2,668.0,141.97,23.1
13.0,131.0,140.5,9.7,12.2,29.3,66.9,1970.0,480.85,40.1
17.0,92.5,100.1,17.9,7.2,30.7,93.7,1261.0,298.79,15.0
13.8,104.8,94.6,7.0,22.5,28.4,77.9,1597.0,176.42,57.9
13.6,40.7,62.3,15.6,20.7,27.1,85.7,1935.0,439.57,15.0
9.6,120.6,74.2,16.1,8.4,34.0,74.4,1010.0,294.7,15.0
18.8,45.3,137.4,15.2,15.2,31.7,72.4,3867.0,341.68,15.0
17.0,129.1,110.0,8.8,14.7,27.6,74.3,1173.0,102.93,43.1
9.8,123.8,124.5,18.1,17.5,29.2,74.3,2551.0,257.61,15.0
13.5,115.0,84.5,7.5,23.9,32.7,79.0,1190.0,164.13,55.4
23.5,34.3,105.6,5.8,16.6,25.9,79.0,3185.0,486.03,37.6
12.8,66.4,59.8,15.8,15.8,26.9,77.4,1634.0,277.32,15.0
11.3,61.6,114.7,12.1,6.0,26.0,64.7,3857.0,419.87,17.2
16.8,73.2,81.3,17.7,6.3,35.6,77.4,1365.0,309.69,15.0
24.8,40.5,83.1,10.8,8.7,34.8,65.9,1559.0,363.06,15.0
12.9,142.4,107.9,7.5,5.6,34.8,64.4,1433.0,187.04,22.4
19.8,96.5,142.4,17.5,19.9,34.3,92.6,1443.0,153.5,31.7
21.2,66.7,37.7,13.2,19.5,33.7,81.2,544.0,61.65,16.0
12.8,77.6,129.0,7.8,7.7,31.2,83.1,2525.0,462.81,31.8
20.7,83.7,65.1,15.8,21.7,33.3,74.1,778.0,98.54,45.3
14.9,102.1,83.3,12.7,8.1,25.5,91.8,1080.0,192.23,15.0
19.1,91.9,32.6,14.1,11.0,33.1,82.3,288.0,83.83,25.8
19.1,140.3,66.1,11.9,10.0,35.1,86.9,587.0,103.15,28.8
17.6,89.6,90.3,17.4,12.4,31.5,72.9,1115.0,167.7,15.0
10.4,149.1,36.7,17.4,10.1,29.6,93.6,493.0,79.65,15.0
22.4,132.2,88.9,15.6,14.8,28.6,88.7,493.0,134.06,30.3
14.1,55.0,141.3,6.6,13.1,33.4,89.9,2731.0,988.83,33.7
12.0,141.7,42.6,17.6,24.7,34.0,66.0,438.0,125.92,38.8
9.7,44.0,121.7,15.1,6.1,36.3,69.5,6324.0,1208.73,15.0
18.5,128.1,79.2,15.5,7.8,29.5,70.0,536.0,115.5,16.1
19.8,75.7,108.6,10.4,6.1,35.0,69.5,1743.0,250.32,31.0
9.3,135.4,61.2,18.2,17.5,32.3,89.9,837.0,269.38,24.5
17.2,134.2,49.1,15.9,6.1,36.5,61.1,363.0,45.95,18.0
12.6,126.7,49.3,6.7,21.7,31.9,62.7,518.0,183.28,76.3
19.3,124.8,38.5,11.1,15.2,31.7,69.6,241.0,74.28,21.6
11.8,66.6,52.3,18.3,15.5,32.5,67.0,1513.0,314.73,16.6
20.1,39.7,109.7,5.7,16.2,34.7,68.1,3272.0,296.45,33.9
15.2,78.4,135.8,19.4,8.4,37.5,87.9,2413.0,504.62,15.0
24.0,50.8,127.7,15.2,9.0,26.0,79.7,1768.0,412.6,18.4
11.2,113.4,112.2,14.5,11.4,25.7,60.2,1577.0,214.1,18.0
14.5,71.5,43.3,9.1,16.9,37.2,75.0,826.0,130.14,15.0
10.8,147.1,64.7,8.7,9.2,31.9,74.3,998.0,226.21,21.2
23.8,106.9,67.2,19.1,7.3,33.0,64.0,461.0,110.9,15.0
23.0,128.7,60.0,9.5,24.4,31.3,83.7,452.0,73.93,73.2
13.1,45.9,91.8,16.6,5.4,26.2,84.6,2955.0,348.99,15.0
19.6,133.4,94.3,10.9,21.1,35.0,85.2,649.0,175.4,85.7
22.1,140.7,72.8,7.1,20.8,34.7,85.5,458.0,112.79,101.7
17.9,88.4,72.5,5.2,10.9,29.1,60.0,720.0,204.13,39.5
17.5,102.8,129.4,13.2,7.7,29.0,93.4,1657.0,291.29,31.8
12.9,121.8,124.7,19.6,7.9,35.9,88.5,1387.0,297.23,15.0
10.5,51.0,66.9,10.5,18.9,25.9,91.6,2785.0,547.37,18.0
23.4,90.3,139.7,10.4,17.9,36.5,60.5,1038.0,194.24,75.4
23.4,77.8,144.3,10.2,20.7,28.3,92.7,1945.0,456.71,47.9
19.1,47.6,69.2,12.8,23.7,32.7,88.3,1288.0,331.27,36.1
14.4,74.1,72.5,11.6,18.8,37.2,89.3,1617.0,220.17,23.6
14.6,38.2,90.7,18.2,8.1,33.8,63.3,3760.0,618.46,15.0
20.6,33.1,142.9,12.6,9.9,30.4,85.9,5170.0,1094.09,20.1
23.4,46.2,135.2,12.6,21.8,34.0,93.6,2477.0,331.38,36.2
23.2,145.6,42.3,7.1,9.2,29.5,83.7,279.0,39.74,59.1
21.5,95.9,77.1,19.7,6.5,28.6,80.0,700.0,176.59,24.8
19.3,145.9,96.4,8.7,19.1,38.0,93.1,577.0,111.84,55.0
10.3,81.9,90.4,6.1,13.1,34.8,75.5,2072.0,551.42,27.7
11.6,67.4,53.3,14.9,23.4,33.4,81.0,1136.0,171.96,15.0
23.4,90.7,133.1,13.9,18.0,29.6,76.7,1557.0,316.83,33.8
18.7,82.7,111.2,11.2,6.8,25.6,92.6,1147.0,163.41,20.0
9.1,42.7,130.5,11.3,24.0,25.4,62.7,6986.0,685.64,22.1
10.6,106.9,133.1,16.8,10.2,32.2,77.5,2491.0,655.26,15.4
19.6,55.9,119.8,7.9,11.7,34.9,84.0,2226.0,472.36,45.6
9.1,104.4,82.7,17.3,13.0,32.0,87.7,1887.0,297.38,15.0
11.6,108.0,103.3,14.7,6.0,35.9,80.4,1335.0,242.06,15.0
17.8,48.2,49.2,11.3,14.9,25.4,91.8,1180.0,256.48,22.7
20.1,37.4,110.8,11.9,7.5,29.8,93.0,2642.0,596.56,23.3
19.4,123.7,51.5,8.8,13.0,28.1,62.3,523.0,127.87,38.1
12.6,85.2,113.3,16.3,12.0,30.8,74.1,2390.0,626.77,21.2
20.4,37.0,57.6,12.7,20.5,25.9,60.8,1887.0,346.45,26.0
12.8,149.4,44.1,9.8,21.1,37.4,71.5,355.0,87.02,61.2
14.2,36.9,49.8,13.9,8.1,27.9,78.8,1695.0,376.54,15.0
20.9,113.4,30.2,19.9,12.3,37.0,91.9,216.0,60.22,15.0
19.4,148.0,116.2,11.5,12.5,30.5,89.6,612.0,97.43,43.4
22.6,58.7,117.9,18.8,8.0,37.8,64.5,1549.0,294.6,19.8
19.5,47.1,91.8,10.2,21.0,32.2,63.3,2176.0,229.87,20.1
18.1,44.6,49.4,5.8,19.1,37.1,80.6,1060.0,140.4,28.7
10.5,66.4,40.0,8.1,8.8,25.1,78.6,1154.0,159.83,17.6
14.9,42.1,32.3,11.3,12.3,34.7,69.3,1230.0,203.0,17.4
13.2,113.1,49.9,8.3,7.1,36.7,91.5,731.0,171.24,23.9
12.9,37.5,136.9,5.0,17.6,26.8,92.5,5364.0,1116.0,26.6
24.6,91.1,59.0,18.7,7.4,26.2,74.1,493.0,88.04,15.0
15.3,149.6,72.5,17.7,24.7,30.5,91.2,620.0,73.85,29.3
23.3,127.7,42.6,16.1,20.6,37.1,73.4,241.0,60.29,44.1
19.1,103.8,56.7,7.5,12.8,32.1,85.8,610.0,88.19,55.7
21.7,66.8,92.3,6.8,16.6,31.9,76.7,1187.0,283.98,51.0
17.0,104.9,102.9,6.0,23.2,26.8,64.3,1355.0,340.31,114.3
18.2,93.2,59.4,15.9,16.1,25.0,92.5,789.0,85.51,15.0
16.9,81.1,36.9,18.9,8.5,35.5,75.9,569.0,76.81,15.0
12.1,45.7,76.9,11.5,12.6,26.1,85.7,2589.0,540.58,15.0
20.6,136.4,58.1,6.8,21.9,33.2,72.9,354.0,121.72,120.0
13.5,84.0,56.3,12.7,17.9,36.9,60.7,1132.0,253.0,23.8
9.4,53.4,145.2,10.2,18.0,27.7,63.5,5757.0,1620.92,15.0
19.3,74.1,104.0,10.6,22.3,33.6,77.4,1251.0,241.96,57.9
11.8,79.7,96.8,14.3,22.9,26.0,84.1,1740.0,612.73,15.3
24.0,129.3,79.9,15.8,23.4,32.8,71.7,428.0,61.96,47.1
24.3,118.0,81.5,6.7,6.9,27.1,84.3,648.0,62.93,74.0
23.6,122.3,94.9,5.5,15.9,34.6,84.5,568.0,177.99,97.9
14.9,31.3,113.6,19.9,19.8,28.9,84.6,4924.0,1387.13,15.0
9.2,79.9,114.3,8.5,20.1,31.0,77.2,3016.0,365.14,36.4
23.9,87.8,50.6,5.8,17.1,32.8,92.0,503.0,59.31,64.3
15.9,32.3,90.0,7.8,8.3,27.2,77.1,4179.0,374.92,15.0
24.5,61.2,79.4,5.6,20.9,34.6,75.8,1257.0,128.32,54.4
24.4,121.2,134.5,10.9,19.4,28.9,67.0,886.0,128.89,49.8
22.6,46.5,105.8,17.0,6.7,33.6,70.8,1523.0,591.17,16.9
13.7,94.2,93.9,10.1,14.3,27.1,61.5,1400.0,339.49,43.9
15.2,55.8,43.8,11.7,8.5,33.9,82.2,1091.0,264.94,16.1
22.6,31.5,102.7,15.1,11.7,26.7,68.7,2970.0,736.7,15.0
14.1,58.9,44.1,12.6,5.4,30.5,70.6,1143.0,219.97,15.0
11.7,147.1,70.5,17.9,13.0,28.2,87.0,677.0,212.27,29.8
17.9,126.2,47.1,18.0,16.0,34.7,71.5,448.0,91.44,22.5
24.0,145.1,113.0,5.1,17.4,28.4,68.5,547.0,105.83,120.0
20.1,88.5,54.8,16.7,18.3,36.5,65.9,691.0,130.34,19.3
18.1,43.2,77.0,11.9,21.7,36.6,87.1,1811.0,407.05,31.3
10.6,95.8,137.5,19.8,9.3,27.6,64.5,3006.0,720.11,15.0
18.8,84.5,54.5,12.2,7.4,33.0,75.9,530.0,202.91,30.8
24.8,131.3,90.9,19.8,22.0,26.1,77.7,532.0,101.59,36.8
11.2,41.8,80.3,16.3,8.1,30.1,84.1,3772.0,864.37,15.0
17.3,88.6,32.2,8.7,24.5,34.3,82.2,363.0,50.38,27.9
23.0,48.0,125.1,13.1,21.9,33.6,88.4,2597.0,577.86,27.1
20.9,69.0,38.3,19.9,15.0,33.1,61.6,567.0,92.8,15.0
20.2,118.5,86.9,17.9,24.6,28.7,70.4,760.0,78.53,46.8
20.2,87.1,97.3,6.5,6.9,29.9,69.8,1023.0,190.5,36.6
14.8,75.1,105.4,15.6,11.1,26.3,65.1,1886.0,422.66,15.0
13.7,77.3,112.6,10.2,17.8,34.3,70.1,2230.0,263.37,32.9
21.9,85.1,60.4,5.1,12.0,31.6,70.8,637.0,184.09,58.3
22.0,124.2,31.2,11.1,23.6,34.2,78.3,251.0,26.43,26.9
22.9,137.1,116.8,8.5,6.3,28.2,83.2,721.0,213.15,49.2
23.6,144.6,94.3,17.3,16.0,29.2,73.3,470.0,133.29,26.1
17.2,124.4,130.3,10.1,16.8,29.3,85.2,1045.0,202.33,36.5
17.0,67.8,128.6,17.4,18.1,25.3,71.8,1676.0,396.58,15.0
21.8,112.6,131.2,5.0,10.1,29.4,70.2,964.0,265.67,97.4
19.4,82.5,88.2,9.6,12.3,35.4,78.9,1239.0,242.8,30.2
20.2,60.6,70.0,8.6,21.9,36.7,60.8,1311.0,267.89,31.8
21.7,130.9,125.0,8.5,8.9,31.7,62.8,748.0,156.26,43.8
23.2,34.6,84.2,6.0,21.5,30.9,74.6,2573.0,413.39,35.6
14.4,138.2,52.0,7.8,16.3,25.4,93.0,523.0,155.66,94.2
15.0,85.4,132.6,13.3,20.2,36.4,85.3,2501.0,295.49,35.8
10.5,106.5,135.9,9.4,19.3,25.2,63.1,2682.0,446.2,44.0
18.3,109.1,86.0,11.3,9.2,37.3,89.6,959.0,136.69,38.8
9.6,137.4,39.1,10.7,16.4,31.4,85.6,471.0,150.32,37.5
16.4,106.4,76.5,18.1,22.4,29.4,81.4,752.0,221.1,28.2
17.7,103.7,126.4,18.6,13.6,37.0,88.7,1041.0,218.6,35.4
13.6,38.0,138.2,12.4,24.3,25.3,74.1,5934.0,622.68,15.0
18.5,92.2,54.4,10.0,14.0,32.6,67.8,590.0,65.42,15.1
9.5,48.0,38.0,6.6,7.9,32.1,77.9,1909.0,309.71,15.2
9.6,118.5,135.3,19.3,12.8,27.9,79.2,2188.0,433.16,16.3
22.2,91.5,76.7,5.9,24.0,30.6,78.8,878.0,225.36,97.4
14.8,111.6,95.0,9.5,11.4,33.5,79.8,940.0,223.65,28.0
11.0,35.0,146.2,9.5,22.4,34.5,93.2,6334.0,1145.26,15.0
17.4,40.2,38.0,9.8,22.6,25.0,91.6,1003.0,303.18,18.1
21.3,116.0,107.8,7.5,12.0,37.2,90.7,832.0,172.86,45.0
12.5,38.7,38.9,16.7,6.7,27.1,88.0,1494.0,355.28,15.0
19.0,38.6,75.1,6.8,19.5,28.0,93.0,2324.0,244.59,27.2
10.4,31.5,126.5,14.5,11.2,28.4,63.4,6194.0,1369.84,15.0
9.8,144.8,82.0,6.9,20.7,25.5,69.3,1067.0,333.02,43.9
17.5,118.5,149.7,6.1,13.9,26.6,77.3,1687.0,314.48,120.0
17.7,72.4,97.1,18.6,14.7,37.8,89.6,1191.0,256.68,15.0
19.2,65.6,68.5,7.9,20.6,29.1,77.7,1329.0,245.1,40.4
20.6,72.0,56.4,17.3,12.6,26.5,86.2,945.0,214.5,16.2
24.6,123.0,72.1,13.2,13.9,26.4,64.9,378.0,73.72,45.8
17.3,109.4,74.7,6.2,12.5,34.4,68.8,709.0,159.1,63.1
14.2,52.2,38.2,19.3,12.3,36.1,85.6,968.0,301.61,15.0
21.7,50.9,74.3,8.7,15.5,28.3,65.8,1531.0,180.88,29.4
13.3,41.8,85.7,17.9,21.2,25.3,72.3,3223.0,750.12,15.0
16.0,109.2,116.7,7.5,12.2,27.9,69.3,1430.0,297.29,34.4
10.3,121.7,108.8,17.8,15.5,25.7,72.2,1968.0,411.3,25.2
9.4,61.8,115.1,5.2,18.4,26.3,84.8,3202.0,673.88,46.6
24.4,32.5,31.0,12.7,10.4,30.6,72.9,912.0,127.22,15.0
22.4,39.9,56.1,16.5,10.6,28.0,79.4,1388.0,298.05,15.0
20.1,146.1,109.4,19.0,23.7,31.7,63.5,772.0,106.41,52.6
15.5,65.5,88.1,18.6,19.5,28.3,88.2,2069.0,318.48,15.0
11.8,122.3,30.6,17.3,16.5,37.2,72.9,468.0,58.57,15.6
11.5,105.0,126.5,18.3,18.0,36.8,82.7,1784.0,213.1,15.2
13.0,75.8,122.7,8.0,5.6,32.4,85.4,2402.0,731.88,39.2
17.8,54.7,95.8,9.3,17.4,29.6,67.3,1964.0,367.1,33.4
20.4,44.6,38.0,9.3,15.2,30.0,91.0,649.0,245.1,26.5
19.6,103.8,122.0,10.7,15.9,30.4,81.6,1474.0,153.86,29.1
13.5,123.0,100.0,10.9,12.2,34.5,75.0,983.0,262.56,38.6
24.3,107.3,123.8,13.2,6.6,30.9,66.4,1045.0,133.33,27.1
20.8,93.6,120.2,7.4,8.9,36.1,93.0,1238.0,318.4,69.1
17.9,35.0,126.4,15.4,24.0,37.3,86.4,3079.0,1036.4,19.8
18.8,146.2,92.2,7.5,13.2,29.4,67.3,813.0,82.21,75.4
15.7,125.8,46.8,9.7,14.3,32.3,71.8,557.0,133.79,53.4
13.0,65.1,110.5,12.6,6.1,26.2,88.3,2650.0,363.71,15.0
14.7,147.6,104.5,16.9,5.8,27.6,84.3,833.0,214.4,15.4
21.1,102.2,119.1,16.1,19.3,30.4,86.8,894.0,327.65,56.2
9.2,99.9,50.4,14.7,15.8,27.7,75.4,1018.0,302.18,15.0
10.9,119.8,53.4,7.3,15.2,36.4,85.1,721.0,239.25,29.0
9.7,127.4,136.8,13.2,9.9,27.1,73.5,2214.0,371.82,19.9
9.7,108.8,120.0,6.3,19.9,30.9,67.4,2819.0,276.86,41.5
22.7,45.4,139.0,10.7,8.4,32.9,82.1,2802.0,371.77,15.0
20.3,70.6,121.0,11.2,8.8,34.0,94.2,2023.0,338.74,17.8
16.6,141.4,101.7,5.6,14.2,30.0,70.9,932.0,224.26,79.0
10.6,57.0,108.5,9.1,10.7,36.3,76.1,3561.0,468.9,15.0
16.9,74.7,136.7,19.3,9.9,32.4,83.6,2556.0,503.59,18.3
16.6,81.8,99.5,19.3,17.9,30.7,79.0,1445.0,241.5,17.7
11.8,82.7,105.9,10.3,18.0,25.9,89.5,2576.0,365.87,35.0
15.9,103.6,48.8,5.6,21.5,31.0,86.7,529.0,137.33,103.3
15.4,143.2,86.9,7.7,13.4,35.7,62.0,643.0,152.64,54.3
18.9,58.9,116.0,10.9,6.5,33.0,94.9,2460.0,548.22,30.2
19.2,44.6,62.5,19.2,10.5,35.8,86.3,1528.0,192.0,15.0
9.7,53.7,54.3,7.1,24.6,31.4,90.2,2483.0,536.25,31.8
15.0,136.4,67.7,16.5,16.9,26.5,82.8,806.0,74.65,16.4
19.0,107.5,59.0,6.6,19.2,25.2,90.0,448.0,80.11,88.0
17.1,64.3,55.8,19.7,5.1,28.9,63.9,1018.0,235.3,15.0
22.7,127.9,81.0,10.7,15.4,34.1,72.2,523.0,151.13,43.1
19.5,133.4,138.9,16.6,5.8,35.3,90.7,1133.0,160.53,15.0
11.6,131.6,90.8,10.1,16.4,28.8,67.1,1364.0,196.82,43.5
10.1,140.3,52.6,14.4,23.4,31.4,62.7,659.0,153.44,32.9
19.3,60.3,39.2,7.9,24.4,30.5,87.6,695.0,96.12,35.5
9.4,120.6,113.5,7.2,15.8,30.3,89.2,2206.0,523.9,67.3
18.4,85.3,75.9,19.1,14.2,28.0,65.7,792.0,246.95,15.0
24.0,131.0,128.6,18.8,23.9,26.8,89.9,945.0,105.37,44.7
18.2,117.4,109.1,18.3,18.5,27.6,84.0,1075.0,196.82,30.5
15.2,123.2,125.5,14.4,6.3,25.7,78.2,1641.0,341.71,25.0
19.3,108.7,62.6,17.1,14.3,27.6,89.1,549.0,100.0,22.1
16.3,51.3,113.1,6.0,9.8,25.1,74.7,2171.0,611.85,35.5
17.7,95.4,61.7,10.0,14.4,33.2,66.8,732.0,80.26,18.9
24.1,148.2,142.7,9.7,14.1,29.1,70.0,635.0,177.49,57.2
15.2,142.5,106.4,14.5,16.6,37.7,77.7,1215.0,128.4,25.5
24.4,35.2,68.9,10.3,12.1,27.5,78.6,1237.0,427.82,15.0
23.5,49.8,62.3,7.2,8.3,29.5,88.2,1202.0,182.47,31.8
12.1,45.8,52.9,13.9,15.1,29.7,87.7,1928.0,297.63,15.0
10.1,117.1,113.4,17.2,21.6,25.1,80.3,1789.0,513.5,27.7
10.6,128.1,56.2,10.7,18.3,35.9,87.3,648.0,91.02,22.2
9.3,55.6,101.4,7.0,11.8,25.4,66.7,4165.0,703.93,24.1
10.5,90.7,61.8,8.0,23.7,37.2,61.8,1351.0,225.42,35.1
19.9,130.9,109.4,8.6,23.2,36.6,90.6,747.0,131.71,69.5
10.1,117.9,127.8,9.5,9.2,32.0,62.6,2576.0,603.51,23.6
14.1,95.1,123.4,14.6,5.8,32.1,68.6,1660.0,460.37,25.3
22.5,100.8,121.3,14.0,19.8,33.5,84.3,1042.0,120.5,37.6
9.4,91.0,52.5,15.4,21.6,30.0,74.3,1259.0,299.23,23.7
22.0,65.7,40.6,10.4,24.4,33.4,90.7,449.0,115.27,39.7
13.5,97.8,113.9,17.4,22.8,25.6,70.4,2096.0,482.93,17.9
10.9,112.7,74.2,8.1,17.0,25.7,60.4,1134.0,196.65,33.9
20.1,134.8,81.9,12.0,15.6,30.9,70.5,477.0,129.54,41.8
19.1,106.4,33.7,17.0,5.6,32.1,80.2,314.0,66.61,15.0
23.0,121.3,61.1,7.7,9.9,36.5,73.2,459.0,86.58,64.2
20.8,49.2,34.0,6.6,14.2,26.4,78.7,671.0,127.43,33.1
21.9,85.4,135.5,18.3,17.6,35.7,90.7,1593.0,204.94,18.2
13.5,31.1,59.2,10.1,16.1,27.7,91.9,2190.0,707.22,15.0
11.8,59.6,96.9,15.3,19.9,30.1,69.3,2450.0,522.46,21.1
21.0,117.2,34.7,5.4,10.6,29.1,76.2,327.0,82.18,74.3
21.9,149.0,110.0,15.4,16.3,30.2,79.2,532.0,102.55,35.1
24.8,41.9,68.8,9.7,6.8,27.0,93.2,1556.0,312.45,15.0
15.6,78.2,137.8,5.8,13.3,31.5,95.0,1798.0,650.82,42.3
15.0,126.0,136.6,14.1,20.0,35.4,68.2,1692.0,337.34,44.7
21.4,54.5,69.0,8.6,18.9,30.7,85.4,1101.0,324.42,27.7
14.5,96.6,138.1,10.8,24.8,31.4,73.2,2089.0,525.23,48.0
23.9,118.0,149.5,6.2,10.6,36.0,60.3,877.0,182.54,64.2
22.7,103.9,129.0,7.2,15.0,34.2,60.3,855.0,240.37,58.2
15.9,52.6,131.4,9.5,11.6,31.4,76.1,2704.0,413.61,23.1
21.0,72.6,59.9,6.3,13.8,28.4,77.1,639.0,162.48,37.3
21.1,124.1,99.2,18.7,22.1,36.5,60.8,688.0,110.87,47.8
10.6,96.5,38.1,5.1,18.7,32.5,84.0,746.0,184.28,60.8
23.4,30.6,41.4,12.3,22.6,27.9,70.3,1204.0,237.08,15.1
17.1,121.3,149.9,6.8,9.1,28.5,79.6,1656.0,263.56,48.9
22.2,34.2,69.2,9.6,22.5,35.4,70.5,1961.0,279.67,22.0
14.1,119.5,119.8,18.9,6.2,25.6,65.8,1497.0,425.58,15.1
23.3,54.3,126.8,7.4,22.8,37.9,74.3,1914.0,228.92,58.9
15.2,145.0,133.0,19.5,11.6,26.7,68.1,1189.0,130.96,15.0
9.2,74.2,149.7,8.1,11.3,35.3,78.7,4214.0,631.46,26.9
23.5,69.2,59.0,16.1,15.2,30.1,67.0,850.0,213.44,16.4
10.5,47.9,34.8,13.2,23.8,31.4,77.8,1204.0,411.73,18.6
14.1,66.7,79.3,18.3,6.0,36.4,65.5,1270.0,389.65,15.0
24.2,135.2,45.6,13.3,12.0,30.4,83.5,300.0,76.95,50.6
24.2,149.6,32.7,13.0,22.1,32.0,86.4,154.0,25.78,34.5
18.2,74.2,73.3,7.9,12.9,25.6,63.9,1298.0,319.84,25.7
19.1,83.8,124.0,7.5,9.0,25.0,76.4,1827.0,199.09,37.7
16.2,116.6,97.9,18.7,13.5,28.2,62.5,818.0,124.81,16.3
13.7,136.3,67.5,9.9,12.7,33.8,80.9,581.0,88.59,19.6
14.3,101.2,108.5,10.6,23.3,26.6,69.3,1501.0,322.94,35.0
19.8,77.0,57.8,16.4,20.2,26.5,78.5,802.0,194.83,15.9
21.0,79.5,31.7,10.1,15.1,30.3,78.1,337.0,65.75,23.8
21.7,113.5,121.7,19.3,24.8,33.4,92.4,1098.0,292.69,64.6
21.6,30.4,104.8,16.1,14.3,34.3,79.2,3341.0,596.15,19.0
10.5,104.4,121.5,14.0,6.2,27.3,80.4,2031.0,289.58,17.9
16.9,72.7,34.7,18.2,10.2,26.0,74.1,430.0,109.03,15.0
9.9,125.3,130.5,5.7,13.7,37.2,93.2,2361.0,494.91,51.3
17.8,41.2,104.3,8.9,8.1,28.4,87.2,2443.0,759.28,29.2
16.1,100.6,97.6,12.0,24.0,36.1,70.0,1410.0,231.66,59.7
23.2,87.7,105.0,8.4,20.3,36.2,89.5,990.0,225.57,107.6
14.6,107.1,133.7,16.2,10.4,35.0,75.1,1775.0,262.3,16.4
10.9,37.8,100.4,18.8,16.8,27.2,89.0,5801.0,1120.58,15.0
11.3,99.6,99.7,11.4,19.4,35.7,88.8,2096.0,527.19,41.3
21.2,97.4,148.9,10.1,23.8,35.0,66.6,1351.0,158.5,43.9
18.9,97.3,120.8,19.4,22.6,32.8,84.5,1123.0,364.58,52.9
10.6,102.4,83.1,11.7,15.3,29.4,70.2,1738.0,324.6,16.2
10.3,111.2,114.9,12.3,20.5,28.4,70.4,1931.0,300.49,33.4
20.2,126.6,76.7,10.3,16.2,26.6,70.4,507.0,174.43,70.5
10.2,62.4,57.5,18.6,16.1,31.6,85.4,2179.0,356.5,15.0
22.1,129.0,101.6,13.5,7.3,32.6,68.0,604.0,118.31,19.8
20.3,89.8,141.4,16.4,7.5,29.7,60.0,1184.0,211.44,18.5
10.3,39.2,141.5,17.2,15.6,31.2,85.0,5321.0,1042.16,15.0
10.4,37.0,71.0,10.1,10.4,29.7,66.0,3931.0,987.45,15.0
24.8,70.1,93.3,11.5,5.4,33.3,63.7,1161.0,239.39,27.8
15.0,124.2,55.4,17.7,19.5,36.7,68.3,539.0,168.24,32.1
14.9,114.9,149.5,10.4,5.6,27.1,73.3,1586.0,255.07,32.8
22.0,124.6,147.7,16.9,16.9,30.0,76.7,991.0,133.84,36.4
24.2,92.1,107.9,19.1,15.8,26.8,61.6,1058.0,98.25,15.1
24.8,82.8,126.5,14.3,24.4,33.1,94.0,961.0,248.58,76.4
21.1,47.7,115.8,16.1,14.7,34.5,85.1,2802.0,691.21,18.6
15.0,69.4,101.2,17.1,6.3,37.1,71.3,1672.0,464.06,15.0
10.3,82.1,36.4,17.7,16.0,28.6,71.2,1073.0,138.74,15.0
21.4,40.6,84.6,10.9,21.8,37.4,75.7,1623.0,534.8,18.4
17.9,56.5,111.0,5.8,24.9,25.8,81.9,2489.0,561.75,66.1
15.8,101.8,111.3,11.0,13.6,32.8,65.1,1194.0,142.8,20.0
23.5,118.3,74.8,15.1,11.4,25.7,66.6,425.0,141.69,20.0
10.8,149.8,143.0,11.8,23.1,36.6,90.1,2103.0,283.58,35.0
16.9,142.0,50.1,16.2,8.8,31.9,69.0,493.0,54.3,16.9
9.2,107.1,90.0,10.4,17.3,33.7,73.3,1743.0,266.01,35.1
16.5,80.5,112.9,14.5,13.1,35.8,90.5,1871.0,329.16,21.9
9.9,106.3,113.7,7.8,5.8,27.0,83.2,2221.0,399.35,25.0
10.9,124.3,107.8,16.2,11.9,25.5,72.0,1873.0,251.18,19.0
10.9,44.2,63.0,13.2,10.3,36.4,83.9,2379.0,352.43,15.0
19.4,79.2,48.7,8.1,18.7,29.1,60.7,643.0,160.3,32.9
20.9,130.8,106.3,9.4,24.0,26.7,85.7,771.0,231.43,70.5
18.3,76.1,101.9,16.2,10.4,31.1,77.0,1355.0,373.55,29.6
24.4,98.6,51.5,12.2,21.2,32.8,88.5,512.0,68.18,29.5
15.0,100.5,114.6,8.2,6.1,25.4,93.4,1266.0,226.47,27.2
13.6,52.1,84.6,19.5,15.8,28.6,92.4,1973.0,343.31,15.0
22.9,73.5,110.1,15.7,6.4,25.4,91.8,1360.0,166.73,15.0
12.6,70.1,130.5,19.4,23.7,30.5,77.9,3191.0,622.0,15.9
24.4,33.1,50.4,11.4,20.3,36.6,72.6,1055.0,275.25,19.6
9.2,32.9,32.3,12.1,18.2,37.8,76.3,2019.0,514.79,15.6
24.5,129.8,123.5,18.5,21.5,33.3,84.1,949.0,183.18,46.7
9.7,62.8,103.2,12.9,18.0,27.1,90.9,2962.0,537.53,16.6
23.3,92.2,114.0,15.6,24.4,36.8,67.2,1153.0,176.55,32.8
17.4,65.8,130.6,8.8,19.3,31.7,92.1,2547.0,537.29,33.2
24.9,142.9,126.3,11.7,23.5,27.0,88.5,692.0,120.72,111.8
10.2,61.1,145.3,6.9,15.3,37.0,94.3,5693.0,665.71,26.7
17.9,81.6,94.3,8.1,7.3,34.8,90.8,1448.0,226.42,35.9
24.5,134.7,88.6,5.0,15.6,34.5,69.8,525.0,82.88,120.0
17.4,131.0,78.2,5.6,7.5,34.2,63.7,711.0,80.88,59.5
19.1,52.3,48.4,19.7,16.8,27.6,63.9,1064.0,258.26,15.0
20.1,126.3,98.7,8.6,14.6,27.7,70.2,812.0,210.1,47.7
16.3,85.0,63.2,14.9,17.5,33.9,81.5,1088.0,131.66,24.0
19.0,88.0,140.6,17.6,5.2,27.9,88.2,1558.0,189.6,17.7
18.3,46.0,100.0,13.3,8.9,30.7,91.5,2131.0,586.76,15.0
23.4,39.7,101.1,7.3,14.8,35.2,81.8,1866.0,309.84,35.7
9.7,117.4,72.6,15.9,24.0,35.2,60.2,978.0,227.26,33.3
13.5,89.6,36.2,14.0,12.7,30.9,66.5,463.0,67.65,17.1
24.2,82.4,33.8,16.0,13.5,35.3,63.5,402.0,49.23,21.0
23.2,117.5,80.8,16.5,19.3,35.9,72.7,644.0,152.94,52.7
16.3,121.9,40.1,19.6,17.1,33.5,77.5,437.0,105.52,28.4
18.9,49.1,102.8,13.6,11.0,28.0,61.5,2342.0,313.21,15.0
13.4,103.2,135.7,10.1,13.2,28.6,72.2,2298.0,327.13,40.2
12.0,46.2,135.9,14.7,9.4,29.1,66.3,4848.0,621.02,15.0
16.4,120.2,109.1,6.0,24.3,26.5,82.6,1311.0,126.98,78.9
14.7,108.8,55.3,18.5,7.6,28.6,76.2,645.0,207.14,18.2
18.3,144.8,133.6,6.8,12.4,27.7,77.3,1221.0,232.5,57.2
10.2,38.3,136.3,9.9,5.5,30.9,75.0,7645.0,1449.4,15.0
24.6,36.8,53.6,17.2,9.4,36.8,93.5,1039.0,299.44,15.0
24.8,63.9,118.5,14.0,20.6,26.4,67.5,1546.0,401.37,33.5
20.2,61.4,64.4,10.9,9.0,34.4,78.1,1057.0,271.7,28.9
17.6,59.6,126.3,12.1,6.6,33.9,85.8,1974.0,248.97,21.1
14.0,138.8,149.7,17.8,14.5,26.2,79.5,1617.0,212.39,15.0
22.0,59.9,33.6,10.1,5.2,37.0,92.5,462.0,117.6,19.3
20.0,62.6,137.7,18.0,6.7,32.4,73.2,1710.0,385.88,15.0
11.6,121.1,104.7,6.3,21.2,29.7,76.2,1825.0,441.86,48.3
23.6,84.0,146.8,16.7,20.4,34.8,63.1,1588.0,345.71,39.0
22.2,123.2,85.8,17.7,23.3,28.3,81.3,747.0,183.09,43.3
24.2,37.8,131.7,7.7,22.1,34.0,70.1,3129.0,403.5,46.8
20.6,88.5,37.5,11.5,18.7,25.5,65.6,382.0,112.11,20.6
18.8,34.0,70.2,7.5,6.0,35.9,79.1,2208.0,360.35,15.0
15.7,37.5,38.0,15.6,20.7,30.8,78.6,1406.0,385.0,15.0
23.9,138.8,147.0,13.0,21.9,33.3,62.7,1090.0,116.52,77.4
22.9,46.7,128.0,14.5,21.0,27.9,84.4,2103.0,487.54,20.6
9.7,93.9,132.3,7.9,15.2,33.8,81.8,3442.0,749.45,39.5
9.4,79.3,142.6,8.2,9.7,35.0,66.6,4623.0,711.5,28.1
15.0,71.7,40.2,5.6,21.9,31.2,76.4,810.0,144.6,30.9
22.0,138.0,76.3,9.8,19.5,33.0,85.2,612.0,149.6,120.0
24.8,32.6,38.5,13.4,24.6,30.9,78.5,904.0,176.29,18.9
11.4,109.7,55.3,17.9,8.1,36.6,73.8,1084.0,195.24,16.6
18.5,145.6,57.5,15.0,9.5,31.5,71.3,470.0,47.35,16.0
15.1,97.2,86.3,11.5,9.2,35.9,81.4,907.0,315.71,34.6
24.5,142.4,62.2,19.3,20.9,35.4,92.9,429.0,81.84,48.6
22.5,36.3,42.1,15.8,8.7,30.3,83.5,1025.0,186.84,15.3
22.4,80.3,50.1,19.0,6.3,28.0,62.6,546.0,57.5,15.0
16.5,61.2,47.7,12.9,25.0,30.3,76.1,975.0,206.1,32.1
15.6,117.7,146.8,8.9,5.5,35.7,91.2,1315.0,163.53,25.4
13.4,147.8,121.1,5.8,21.7,28.0,63.3,1207.0,122.87,120.0
9.9,60.8,146.1,15.9,12.3,31.8,94.6,5660.0,1083.92,15.0
22.8,108.5,82.8,6.8,21.8,35.5,93.2,506.0,92.07,120.0
22.0,53.8,63.4,9.5,16.1,29.6,62.7,950.0,148.29,15.8
25.0,97.8,125.8,13.0,23.0,33.3,92.7,773.0,237.29,52.1
24.9,85.7,69.2,13.5,23.5,28.2,72.7,620.0,71.66,24.2
17.9,146.6,65.9,14.0,5.2,26.4,89.6,560.0,81.78,30.0
21.3,103.0,57.9,7.5,6.5,35.3,74.6,606.0,68.53,30.0
24.1,71.9,45.6,10.7,10.0,26.3,75.4,642.0,113.47,21.9
22.6,43.7,60.8,14.3,18.4,28.5,82.2,1298.0,286.1,19.2
13.0,48.1,72.6,19.5,22.8,36.1,87.1,2043.0,568.69,17.2
16.2,57.0,110.9,15.9,14.2,29.5,61.2,2907.0,362.31,18.9
11.1,60.1,37.5,18.8,17.1,37.6,80.8,1283.0,132.89,15.0
24.3,132.1,55.3,16.4,8.8,37.7,66.5,358.0,39.91,30.2
18.7,97.3,127.1,13.9,21.1,28.5,72.1,1533.0,258.64,51.1
12.7,92.8,47.6,7.9,24.3,25.5,72.2,983.0,234.48,42.8
19.7,43.8,71.1,15.0,10.4,34.2,76.4,1820.0,236.21,17.5
18.9,133.2,133.8,14.4,14.9,30.9,71.7,993.0,160.89,38.5
14.7,116.7,48.6,14.0,6.7,26.3,63.8,625.0,67.92,15.0
10.8,38.1,39.9,12.3,16.2,34.2,65.1,1491.0,428.22,15.0
19.7,114.9,88.1,12.9,15.1,25.4,61.2,733.0,183.3,42.7
17.3,95.2,66.3,10.0,7.9,36.3,76.5,766.0,183.7,20.5
21.4,39.8,97.6,12.8,13.8,26.8,93.4,1914.0,625.1,31.6
17.3,85.0,126.5,8.0,11.7,26.7,64.0,1308.0,338.89,32.8
22.6,88.2,46.5,17.1,15.4,27.3,93.1,380.0,59.08,19.2
17.8,49.9,99.7,7.8,16.7,37.5,85.7,2414.0,353.82,20.3
18.0,143.5,90.7,6.3,5.2,34.0,82.3,809.0,163.45,53.0
23.0,132.0,47.3,11.5,20.2,35.4,82.6,387.0,69.27,62.9
15.5,110.3,104.9,14.9,19.3,30.2,88.9,1136.0,253.76,23.6
11.1,85.5,62.8,11.6,12.3,29.4,63.7,1385.0,312.14,18.3
9.5,79.4,88.5,9.2,6.1,28.0,77.7,2872.0,536.18,15.0
21.1,108.1,39.9,13.4,20.1,31.2,84.4,292.0,96.65,40.0
18.9,95.5,85.2,10.2,24.1,32.2,80.5,1045.0,204.77,39.0
20.3,37.5,66.8,19.0,9.8,33.2,89.1,1983.0,449.72,15.0
12.4,91.5,128.7,18.8,11.5,28.3,62.5,1801.0,339.47,15.0
11.2,126.8,36.8,12.5,8.7,37.3,84.2,614.0,122.47,17.4
9.2,85.1,80.2,9.9,16.5,27.2,78.7,2362.0,572.69,19.0
14.6,36.2,85.0,16.1,8.1,37.6,73.3,2463.0,568.96,15.0
18.4,124.4,117.0,5.6,12.1,25.2,71.9,812.0,261.08,59.5
15.3,54.2,98.9,12.1,18.9,31.3,81.7,1852.0,585.69,21.6
16.0,61.0,110.1,10.0,16.2,29.3,91.2,2068.0,252.26,28.4
23.5,49.8,123.2,18.8,12.7,30.8,77.4,2121.0,456.55,15.0
14.6,69.6,133.5,5.2,13.4,32.4,88.9,2673.0,331.59,54.9
17.2,120.8,67.7,13.3,16.2,30.7,74.1,575.0,190.86,31.0
21.5,92.3,94.6,16.1,5.1,30.4,63.6,1147.0,249.45,22.0
15.3,54.6,130.8,12.3,6.6,34.5,62.2,2918.0,380.9,15.0
19.0,135.3,148.7,6.3,22.6,33.9,61.8,896.0,144.2,82.4
22.8,135.5,136.7,19.6,6.6,35.8,73.3,797.0,193.72,34.2
24.2,134.5,74.6,12.8,19.1,28.2,71.8,466.0,77.47,41.9
11.4,58.7,53.4,14.2,23.4,32.9,85.1,1531.0,171.64,15.0
23.8,84.1,88.7,8.5,10.4,32.6,86.0,785.0,184.39,62.4
16.9,148.2,119.0,12.3,12.4,29.8,61.8,776.0,169.0,38.2
13.1,122.6,89.1,11.4,16.4,31.3,67.7,1283.0,133.03,25.4
16.3,33.3,88.0,6.1,22.6,29.1,69.6,4039.0,842.75,43.9
24.7,37.8,130.6,6.6,23.8,26.8,79.2,2559.0,791.8,52.2
16.9,85.7,73.4,17.6,19.8,27.8,65.1,955.0,254.98,15.0
14.3,139.1,133.2,8.6,6.7,26.4,64.7,1422.0,355.13,54.8
19.1,94.6,78.8,7.9,18.4,33.9,93.0,966.0,124.73,64.3
12.8,89.7,69.4,12.6,13.2,33.6,88.1,1139.0,183.9,16.9
10.2,42.7,84.5,16.5,14.4,37.4,66.3,4663.0,549.53,15.0
11.1,108.8,121.5,5.9,6.0,34.5,74.2,2079.0,510.75,46.8
11.0,128.7,45.1,13.7,8.8,25.7,72.4,619.0,183.84,30.2
11.4,75.7,53.6,6.8,20.8,36.5,87.7,1330.0,301.54,37.9
11.2,123.1,144.2,5.5,14.1,36.2,77.9,2561.0,576.87,41.9
19.3,145.7,51.1,5.8,11.0,30.8,64.5,418.0,82.88,68.8
11.9,54.5,98.1,17.5,12.7,32.6,85.9,2330.0,537.24,15.6
14.5,92.8,99.5,6.8,22.1,37.7,73.9,1352.0,273.29,47.2
23.3,64.5,88.8,5.7,20.0,31.9,69.2,1162.0,135.72,53.2
16.6,125.1,107.4,11.6,10.4,36.8,73.1,939.0,109.98,23.7
19.7,99.3,57.6,17.7,7.4,26.1,77.4,648.0,140.87,16.5
11.8,106.1,96.3,8.9,10.0,27.5,72.0,1795.0,289.7,21.8
12.1,125.7,74.7,11.3,23.4,30.7,68.5,1097.0,206.92,33.5
9.7,77.5,109.4,5.6,16.6,32.6,73.9,3639.0,618.48,23.9
11.7,139.8,46.9,11.7,15.7,35.6,60.7,509.0,89.22,19.2
13.5,94.0,98.5,13.7,16.9,37.8,87.0,1850.0,304.09,18.7
11.8,49.0,52.2,13.6,12.3,30.1,66.0,2044.0,350.15,15.0
10.4,113.5,63.4,10.0,21.1,25.6,61.5,999.0,190.62,34.0
10.9,125.2,56.2,9.7,15.5,35.4,82.9,918.0,217.14,32.7
16.4,68.0,51.9,6.6,7.3,32.9,87.1,748.0,177.47,31.9
12.3,132.9,129.1,10.5,7.6,27.6,88.5,1808.0,348.67,30.3
14.8,138.7,64.3,6.5,15.7,31.4,77.3,635.0,174.43,73.7
17.1,63.2,141.3,16.5,23.7,34.7,67.2,2348.0,715.87,15.7
20.0,148.0,146.4,19.5,11.2,35.0,85.8,1064.0,274.38,42.8
9.6,46.9,98.6,19.6,22.4,31.5,84.5,4675.0,672.35,15.0
21.8,54.2,47.2,18.0,20.3,29.0,68.6,682.0,85.38,15.0
19.0,52.1,74.9,14.0,10.0,37.7,91.6,1156.0,229.89,19.1
10.3,137.3,125.7,15.5,5.7,33.6,63.7,1718.0,276.75,16.0
23.0,108.5,74.1,9.3,7.0,30.3,94.4,615.0,167.51,50.8
23.7,48.3,40.4,14.5,19.6,28.6,90.1,839.0,162.34,26.8
10.0,82.8,96.8,11.8,9.0,34.5,84.1,2844.0,272.56,15.0
13.4,103.8,131.4,12.2,12.4,28.1,92.9,1912.0,239.5,40.9
21.9,40.0,125.5,16.4,15.0,27.2,85.3,3228.0,375.64,15.0
21.0,135.9,51.0,9.2,19.5,31.9,66.7,347.0,80.94,84.1
12.0,126.4,110.7,9.8,7.3,28.8,75.5,1646.0,362.1,21.6
12.3,90.6,56.5,18.9,13.1,33.2,62.5,860.0,274.37,15.0
14.9,146.1,56.2,5.8,14.7,26.5,73.6,482.0,148.5,63.2
16.8,80.1,134.9,12.3,15.8,33.5,86.0,2145.0,282.04,30.8
18.9,148.1,60.0,18.7,21.4,28.7,73.5,325.0,69.42,18.1
14.9,110.2,61.6,14.2,8.4,25.0,71.6,834.0,111.11,15.0
16.4,106.2,30.1,13.2,21.2,26.7,80.8,403.0,59.34,20.7
21.0,49.9,134.5,8.7,18.9,37.1,90.5,2441.0,727.38,57.4
9.6,135.8,125.1,10.1,16.1,36.3,61.7,1872.0,413.17,33.1
13.0,81.3,105.3,17.8,19.0,28.0,73.5,2335.0,491.89,21.4
20.4,49.5,120.0,13.4,13.2,35.1,65.5,2705.0,470.76,26.5
23.3,31.5,48.2,12.7,7.8,32.9,84.3,1174.0,138.86,15.0
17.2,97.2,85.0,6.5,18.3,37.6,63.7,928.0,114.86,47.8
17.5,93.3,72.1,5.2,15.5,29.9,83.3,962.0,183.33,66.2
10.7,116.3,41.3,19.5,17.8,33.9,70.0,683.0,161.36,15.3
16.2,136.8,88.3,10.7,11.8,25.8,67.0,664.0,114.32,34.8
17.5,39.5,140.5,14.0,23.1,30.2,92.8,3671.0,991.39,26.8
12.9,117.8,34.8,6.2,16.7,37.5,60.6,551.0,120.3,62.7
13.3,52.5,65.0,15.2,6.7,32.0,75.3,2035.0,339.29,15.0
15.0,133.0,54.9,19.0,14.0,28.7,60.8,683.0,136.9,18.8
9.3,128.3,58.6,13.6,20.1,26.6,76.9,1111.0,177.14,25.0
14.2,94.9,139.0,6.9,20.9,34.1,77.5,2528.0,487.85,58.7
12.4,115.2,86.2,13.7,14.9,33.4,71.3,1036.0,305.32,26.1
14.2,67.7,86.0,16.5,22.9,29.9,64.6,2025.0,531.92,21.1
10.9,86.5,121.3,11.1,10.4,37.4,73.2,1951.0,434.09,18.4
23.2,128.6,48.5,18.2,13.2,25.3,83.5,352.0,59.17,19.9
18.5,85.1,88.5,14.7,23.0,28.9,87.4,1107.0,149.62,34.7
19.9,72.9,81.6,18.5,22.9,37.0,78.6,1040.0,158.6,28.9
21.6,89.3,101.6,14.4,18.7,29.2,80.6,1243.0,251.19,50.1
17.0,129.4,149.9,7.0,22.2,28.3,67.0,1607.0,386.96,120.0
10.4,70.2,122.3,9.6,6.8,31.9,70.1,2552.0,599.93,17.4
17.6,50.9,77.7,8.0,22.3,35.7,65.7,1833.0,236.31,26.7
18.4,115.4,129.3,18.6,11.4,26.3,68.7,1138.0,191.28,25.6
20.9,129.1,50.5,16.4,8.6,37.3,67.9,358.0,71.38,18.7
15.9,42.1,33.7,15.1,9.8,35.3,78.2,1173.0,159.03,15.0
11.0,58.8,54.5,9.5,13.4,27.4,79.7,1521.0,246.54,15.0
13.5,47.0,70.8,7.8,10.0,34.3,93.1,2718.0,549.97,19.6
14.8,71.8,91.3,16.3,11.4,30.0,66.8,1443.0,174.48,15.0
19.3,84.0,103.8,12.1,7.7,30.2,82.5,1382.0,265.58,18.4
18.1,119.9,139.3,8.4,10.9,35.2,88.6,1392.0,331.63,93.1
14.7,108.1,91.2,14.2,16.4,37.5,79.6,1005.0,175.84,38.1
24.8,104.5,90.2,5.6,13.8,26.6,68.9,635.0,153.6,119.9
18.7,72.3,36.0,9.9,11.9,30.5,69.2,623.0,124.67,25.3
12.8,131.0,34.2,12.0,19.9,31.3,61.4,461.0,94.25,41.4
10.6,86.6,96.1,7.2,22.9,29.9,70.7,1912.0,395.39,42.8
11.4,147.5,82.6,19.8,20.1,29.7,86.1,995.0,165.65,25.8
12.9,106.1,130.7,8.1,11.6,25.7,61.7,1487.0,508.91,42.1
11.6,45.2,49.3,7.0,19.9,33.9,67.7,1612.0,474.83,17.7
12.0,111.1,33.0,8.1,8.0,30.7,84.7,492.0,81.38,33.3
13.6,69.0,83.9,16.5,7.6,27.5,87.4,1421.0,216.19,15.0
11.8,112.4,58.5,11.4,11.9,35.6,75.9,1036.0,101.14,15.0
23.3,38.4,36.0,13.5,21.2,35.4,84.4,890.0,95.43,25.9
10.3,51.0,117.0,5.3,9.9,31.3,73.6,5451.0,966.15,18.1
17.4,132.7,43.4,5.5,6.3,28.9,65.6,412.0,41.49,30.5
15.6,57.3,103.0,11.7,7.6,33.3,73.9,2820.0,386.84,15.0
24.7,130.4,63.7,17.2,22.2,28.7,80.3,406.0,99.07,40.7
10.8,63.5,50.8,18.3,17.7,28.1,93.2,1557.0,235.57,15.0
15.4,107.1,75.6,6.3,10.1,34.5,62.4,1137.0,231.95,45.0
24.5,113.3,126.2,13.1,16.1,25.5,77.8,973.0,226.34,66.3
22.8,91.5,77.1,18.7,15.6,26.2,71.5,564.0,109.93,25.8
22.1,66.6,120.1,10.8,18.1,25.1,77.8,1816.0,401.31,59.7
13.1,55.5,45.1,17.4,9.7,27.0,60.8,1487.0,308.6,15.0
11.7,34.0,122.7,7.0,22.3,25.9,71.0,7065.0,1104.89,23.2
19.7,66.5,58.4,19.0,11.2,37.9,88.7,930.0,126.81,15.0
23.9,108.4,111.3,16.3,18.9,28.8,79.4,934.0,175.73,31.5
17.9,142.6,97.9,19.1,5.3,26.9,75.8,955.0,217.96,21.4
18.1,134.5,141.5,15.1,12.5,28.1,70.0,922.0,264.2,34.1
13.5,121.9,76.5,10.5,12.0,37.2,70.4,1008.0,125.25,20.3
21.3,124.6,37.9,19.1,15.9,31.8,73.4,255.0,67.59,21.1
12.0,109.8,32.3,9.1,6.5,29.7,89.2,525.0,90.97,18.5
14.2,61.2,129.2,10.0,20.8,36.4,93.9,3137.0,649.83,31.5
15.8,138.9,93.0,15.5,9.4,30.1,75.4,700.0,209.07,31.0
17.1,110.5,123.0,16.5,18.5,29.4,73.8,1110.0,264.03,25.7
12.9,97.3,58.1,18.9,21.1,27.7,89.6,985.0,243.94,15.0
10.8,43.3,71.4,8.1,16.2,29.9,74.9,2477.0,743.61,25.6
18.8,83.6,33.6,17.0,19.8,29.1,79.3,378.0,95.49,31.0
13.6,85.2,145.4,16.1,18.2,33.8,68.1,2925.0,326.01,21.1
18.3,133.7,110.1,6.0,12.1,28.8,86.0,822.0,240.48,71.4
11.5,95.6,142.0,10.8,21.2,32.5,78.6,2574.0,743.74,27.0
16.7,75.6,61.9,9.2,10.9,25.9,88.3,1195.0,124.77,22.9
17.5,147.2,103.4,9.6,16.4,27.5,87.3,692.0,158.42,56.5
9.8,43.3,111.4,19.7,19.9,30.3,67.5,4948.0,794.94,15.0
14.4,80.7,68.1,14.6,12.6,37.2,85.0,1236.0,294.37,16.5
11.2,35.0,131.8,15.8,11.1,29.9,88.0,7606.0,1647.88,15.0
10.0,118.8,143.7,19.6,14.2,33.6,72.1,2900.0,309.59,15.0
24.8,140.2,136.2,10.7,21.4,28.3,66.0,945.0,215.44,72.3
14.2,63.6,118.7,17.0,23.6,26.7,60.1,3001.0,359.02,21.9
22.0,133.0,63.3,11.5,15.9,25.8,75.8,375.0,112.46,36.3
13.1,65.1,63.8,18.0,18.2,29.0,72.3,1143.0,287.06,15.0
19.9,139.3,145.6,7.7,23.1,27.0,79.4,989.0,173.99,120.0
21.2,120.5,31.2,19.2,7.0,27.3,66.6,201.0,32.25,19.2
18.5,126.6,115.9,8.3,9.6,34.9,90.1,1092.0,131.97,32.1
16.5,32.2,114.7,9.9,19.2,25.2,69.0,4661.0,1002.25,20.9
15.6,145.5,104.7,16.3,21.5,32.3,67.9,713.0,193.94,35.1
14.6,117.2,148.8,10.9,22.1,29.9,76.8,2035.0,216.67,46.3
23.9,66.6,67.4,14.1,13.3,31.6,77.5,742.0,103.98,26.8
22.3,129.5,70.8,11.7,6.8,32.3,67.5,474.0,56.14,37.8
24.4,63.8,39.5,16.1,13.8,29.1,69.5,549.0,125.98,23.0
11.0,134.7,83.1,8.4,9.6,28.8,65.9,1083.0,272.2,39.4
20.7,43.5,61.3,5.9,10.8,34.5,85.1,1322.0,152.14,28.3
24.0,114.4,71.2,9.5,20.4,36.3,87.0,406.0,109.89,58.0
11.9,94.9,130.1,12.1,6.5,27.5,76.2,2192.0,269.58,15.0
10.1,41.6,142.3,7.5,21.6,26.3,85.0,7699.0,1908.67,32.8
20.9,59.0,52.3,10.3,13.6,36.7,85.8,1026.0,239.04,20.3
18.2,31.5,74.7,11.0,16.9,29.5,64.8,2495.0,625.04,17.3
22.5,86.3,141.4,5.9,6.8,32.2,93.8,1404.0,416.33,62.5
11.2,66.2,37.4,13.7,11.7,29.7,88.7,1109.0,264.07,15.0
21.7,101.8,41.1,18.3,6.8,26.6,67.2,454.0,98.72,27.2
12.2,65.7,49.5,7.3,24.2,32.7,66.5,1090.0,263.99,61.3
11.6,66.0,101.4,14.0,21.1,31.8,64.4,2567.0,426.52,19.8
11.6,119.2,48.1,15.0,14.2,27.6,64.8,796.0,99.56,20.8
22.0,35.8,146.2,11.3,9.5,30.9,86.2,3912.0,613.54,15.0
19.6,138.3,83.6,15.5,23.7,35.4,76.4,495.0,138.87,60.0
17.4,132.3,90.2,11.2,11.9,32.7,87.4,835.0,105.62,20.9
14.7,110.1,59.6,12.6,8.2,26.3,86.1,619.0,111.4,15.0
23.0,101.2,86.5,5.1,16.3,32.1,81.2,746.0,143.73,65.9
15.3,137.1,109.4,15.4,23.9,34.1,84.0,1060.0,153.2,23.6
22.1,52.2,120.1,14.9,5.1,35.3,60.6,2477.0,453.86,18.4
16.0,39.5,120.5,5.6,9.8,33.2,70.9,3737.0,1083.95,33.4
15.0,58.7,99.3,10.5,23.8,27.0,82.3,2002.0,561.73,49.9
16.4,125.3,138.5,19.7,8.4,34.2,60.3,1166.0,314.34,15.0
13.8,34.2,128.1,11.3,7.3,33.8,61.2,6441.0,1174.88,15.0
21.0,99.9,120.8,12.5,16.4,25.3,89.8,964.0,227.97,30.9
17.0,149.5,36.7,18.6,22.2,30.4,83.9,277.0,39.54,25.3
12.7,132.7,30.8,15.8,14.5,29.3,69.3,308.0,101.93,15.0
23.4,92.6,55.5,13.7,24.9,33.7,84.1,583.0,76.73,60.7
15.1,37.6,109.6,17.0,18.6,27.8,87.7,3798.0,454.96,21.7
17.7,129.8,79.3,18.0,6.5,32.7,70.7,640.0,172.76,15.0
23.5,101.9,78.3,11.9,24.9,36.9,61.3,608.0,88.36,56.5
19.0,43.8,136.2,12.1,13.2,35.4,92.6,3851.0,571.05,15.0
10.9,41.3,137.5,10.8,10.7,37.0,72.1,6294.0,647.63,19.3
24.0,139.2,139.1,19.5,16.2,37.7,63.7,922.0,105.97,23.8
19.0,110.3,67.7,15.5,11.1,25.1,77.2,772.0,86.74,17.1
14.4,129.5,112.9,6.2,6.7,33.1,86.9,1458.0,134.67,34.0
11.2,135.5,62.6,17.9,5.0,30.4,67.8,752.0,190.38,15.0
21.7,98.6,52.9,12.2,14.0,36.2,69.4,606.0,132.11,18.7
18.9,92.1,52.2,6.0,21.7,28.3,68.5,456.0,104.56,74.2
17.5,81.7,71.1,13.2,16.4,37.8,94.7,931.0,272.86,15.0
23.3,68.0,81.6,11.3,25.0,33.0,66.9,1233.0,146.86,55.8
21.6,82.2,129.7,18.2,10.7,35.3,80.1,1296.0,241.15,27.6
11.4,122.9,44.4,8.1,10.6,26.1,92.4,561.0,82.29,25.7
14.0,102.2,118.2,17.4,8.2,27.4,65.1,1490.0,370.47,15.0
13.0,137.1,93.8,13.4,8.3,34.9,94.0,1113.0,193.95,22.7
20.9,83.2,64.6,5.8,10.7,25.3,93.2,719.0,165.28,41.5
9.5,102.9,89.1,19.6,20.9,35.6,91.0,2024.0,458.64,15.0
18.1,105.8,66.0,12.7,23.1,25.2,67.5,825.0,144.06,50.3
21.2,101.0,101.5,9.4,24.5,33.5,82.2,1031.0,213.88,59.3
23.0,114.3,82.1,12.0,9.6,29.7,86.6,531.0,178.96,57.3
14.5,58.5,49.7,17.9,22.6,32.9,94.5,1429.0,187.75,15.0
22.1,91.5,44.0,9.6,11.6,34.0,66.3,383.0,74.64,32.3
10.8,42.5,95.6,7.9,7.3,29.5,86.8,3445.0,1017.17,20.6
22.5,76.1,138.3,6.9,22.4,26.4,71.9,1281.0,358.13,83.2
11.0,88.5,71.3,9.5,17.7,25.9,66.1,1505.0,197.95,29.9
15.4,108.3,118.0,16.7,8.3,32.7,74.7,1145.0,248.65,18.3
21.8,144.1,109.0,12.1,13.6,31.8,87.8,570.0,134.68,63.6
11.4,102.1,141.8,8.4,10.7,34.6,76.3,2193.0,448.13,40.4
12.7,119.2,128.5,7.5,19.7,31.6,78.8,1516.0,230.85,60.7
20.6,90.8,98.0,10.0,14.1,30.5,94.8,1105.0,299.29,42.6
20.5,106.1,108.8,19.1,24.8,30.2,74.0,1158.0,252.44,34.1
19.3,38.5,137.8,10.1,6.1,25.3,81.5,4202.0,729.36,15.0
20.1,60.5,77.9,19.8,12.1,29.4,72.8,1129.0,302.36,15.0
17.7,73.4,69.2,12.3,14.6,37.7,73.7,930.0,297.95,21.8
13.0,86.7,31.3,7.7,15.1,36.4,84.3,683.0,70.51,22.1
14.5,35.5,129.2,18.4,11.3,29.3,92.8,3779.0,752.14,15.0
11.9,46.8,126.1,11.9,19.6,32.6,79.0,5386.0,944.0,15.0
23.5,63.2,42.5,15.6,22.5,36.0,86.9,486.0,148.54,24.7
18.3,146.6,99.2,19.8,23.8,30.7,63.1,904.0,79.19,48.1
15.4,69.8,85.7,5.8,21.1,25.2,67.4,1468.0,472.98,48.8
16.4,87.8,44.2,6.5,22.0,26.0,77.6,596.0,117.36,47.2
24.2,53.5,147.7,15.8,16.0,31.6,60.7,2520.0,392.47,17.1
11.5,103.3,55.8,9.2,21.5,37.6,68.8,984.0,149.46,26.2
18.4,63.7,38.1,7.8,11.1,34.0,78.1,591.0,87.73,27.4
17.1,54.8,101.4,5.6,13.0,25.9,60.5,2221.0,558.73,57.7
18.8,92.0,118.7,5.3,11.3,27.5,69.3,1532.0,399.82,100.0
9.3,30.7,33.9,16.6,14.3,35.0,78.0,1835.0,434.87,15.0
23.0,30.9,109.0,7.0,10.7,35.9,80.1,2322.0,892.63,21.1
23.9,56.3,93.9,12.0,24.2,33.0,92.4,1366.0,369.29,33.0
18.0,34.4,42.4,14.1,11.3,33.4,82.6,1114.0,267.98,15.0
20.1,43.0,50.7,11.4,7.0,25.4,74.5,1268.0,275.09,17.0
23.8,70.7,98.2,5.4,15.5,35.8,92.6,1002.0,218.65,61.2
20.3,126.3,65.6,16.8,6.1,35.2,87.5,494.0,108.2,34.0
11.4,98.6,142.6,5.2,7.2,28.4,67.0,2145.0,282.04,32.2
18.2,91.5,128.2,16.4,9.4,34.2,64.6,1575.0,368.01,29.3
18.7,65.2,148.0,18.4,14.3,27.8,83.7,1961.0,268.29,19.3
15.8,141.8,61.2,11.5,13.7,25.5,79.6,416.0,143.93,32.9
20.8,77.6,146.4,13.0,21.0,27.6,87.6,1407.0,480.72,34.4
23.9,40.5,81.7,12.2,19.8,27.3,85.9,2071.0,248.78,30.8
23.8,104.0,71.7,10.8,13.5,29.4,81.9,475.0,95.36,49.0
16.2,43.7,36.0,18.3,11.7,30.4,94.5,1124.0,199.85,15.0
10.8,71.4,36.3,18.4,11.3,31.6,78.7,738.0,206.38,15.0
24.8,90.9,113.0,10.0,20.5,31.2,64.0,808.0,158.22,68.6
22.4,134.9,85.0,14.2,6.0,28.5,89.0,564.0,122.72,35.8
11.0,89.2,57.2,18.9,5.3,25.4,68.8,1145.0,186.01,15.0
23.7,114.3,103.7,19.4,20.9,32.9,87.2,937.0,84.94,36.0
22.9,149.1,60.3,12.6,14.5,30.1,93.5,432.0,35.49,33.4
17.3,45.8,99.3,11.8,7.6,28.9,84.4,2858.0,301.52,15.0
18.5,63.0,73.1,9.2,9.7,36.3,80.9,1322.0,325.08,40.7
15.4,77.3,128.8,19.4,23.7,34.7,76.1,2116.0,632.87,37.0
9.9,80.6,128.5,7.1,22.2,36.2,72.8,2995.0,598.33,31.4
14.4,79.3,87.3,13.7,19.2,31.4,72.4,1875.0,310.32,29.2
21.8,138.9,72.1,9.2,14.6,26.7,82.3,500.0,61.47,65.2
9.1,115.7,73.5,9.2,15.4,34.1,86.3,1456.0,294.39,47.3
14.3,102.9,126.7,11.1,24.5,27.7,83.7,1487.0,221.34,44.6
15.4,67.1,69.4,20.0,24.3,30.7,66.9,1040.0,298.9,19.9
17.6,128.9,55.1,5.8,9.3,25.8,77.3,594.0,139.27,36.9
23.7,144.6,40.2,13.7,21.2,35.7,87.7,212.0,32.59,32.4
14.5,128.5,86.0,6.2,8.9,26.6,76.6,894.0,232.73,55.9
14.6,30.2,87.9,7.3,9.3,36.7,78.8,3229.0,418.81,15.0
20.8,106.4,130.9,11.6,18.5,36.2,87.0,1383.0,207.21,56.2
16.2,36.1,56.5,12.7,13.1,31.0,83.1,1472.0,235.47,15.0
12.6,60.9,75.7,8.9,23.6,34.7,74.3,2304.0,336.58,46.2
16.2,37.1,127.0,9.7,6.8,33.1,91.3,3454.0,567.31,18.3
11.3,102.5,128.8,6.3,15.2,35.4,65.7,2667.0,390.33,62.5
11.8,112.4,76.2,9.5,23.4,30.6,94.8,1278.0,210.35,56.0
17.0,43.7,85.1,19.5,23.1,35.2,64.2,1908.0,367.05,20.6
15.7,76.1,66.4,19.2,8.1,31.0,60.5,1148.0,257.18,15.0
23.6,84.7,141.9,10.0,12.3,37.2,91.2,1284.0,402.04,45.2
14.8,74.3,44.2,13.6,17.4,31.3,68.6,675.0,144.96,16.0
18.3,44.5,142.0,18.6,8.2,31.0,85.5,4115.0,483.1,15.0
19.1,80.3,112.1,5.1,24.4,35.2,88.4,1390.0,225.14,118.7
9.2,120.1,93.8,17.2,23.3,35.7,90.1,1609.0,459.09,27.2
19.6,38.5,33.9,19.2,8.3,32.2,94.7,750.0,192.41,15.0
11.8,39.6,87.1,6.4,7.4,27.3,70.3,3493.0,708.51,25.4
24.4,72.6,78.9,7.4,6.7,31.1,84.9,1058.0,115.94,22.0
11.4,143.0,49.3,19.4,23.2,37.6,64.0,565.0,115.2,15.0
15.6,110.2,108.8,13.1,8.9,34.8,74.2,1547.0,196.54,33.4
10.4,111.4,146.5,5.2,13.3,35.5,89.7,3103.0,732.3,83.1
24.9,73.4,97.5,8.9,14.0,25.4,72.9,875.0,294.52,44.7
17.0,101.2,115.8,11.7,17.0,31.1,80.7,1126.0,156.78,42.0
18.5,31.2,38.2,15.4,6.4,33.4,77.6,1561.0,268.72,15.0
10.1,106.3,80.1,16.0,9.5,35.8,82.6,1416.0,216.94,20.6
21.0,139.6,44.0,19.9,23.6,25.6,94.1,226.0,54.64,37.8
12.4,103.5,103.5,9.3,23.2,36.1,62.0,1436.0,445.75,57.2
23.4,134.8,142.6,13.1,20.6,32.1,80.1,949.0,186.02,77.9
12.3,116.9,109.4,13.0,5.4,27.6,90.2,1752.0,254.33,28.6
12.1,44.5,39.2,11.1,11.5,29.1,76.8,1195.0,207.22,15.0
9.6,138.3,72.6,7.5,17.6,28.7,62.7,882.0,284.72,32.6
16.6,38.0,96.1,19.7,10.5,31.9,79.6,3702.0,687.55,15.0
18.0,94.1,78.4,17.8,23.2,25.7,71.6,1040.0,178.87,22.8
10.1,47.1,130.0,12.5,17.7,27.1,65.4,5745.0,789.04,15.0
21.4,31.4,127.8,14.0,6.4,35.6,89.7,4312.0,634.12,15.0
16.3,80.6,103.4,8.4,23.2,26.7,78.3,1522.0,460.76,45.9
17.4,65.4,74.8,13.2,24.2,28.0,92.7,1486.0,268.39,32.9
16.1,88.3,60.6,15.4,6.6,30.9,88.2,801.0,154.1,15.0
15.4,99.3,42.7,12.7,15.6,31.7,84.3,487.0,114.05,34.9
18.0,35.2,72.6,19.9,11.1,34.9,60.2,2557.0,586.79,15.0
11.5,44.8,79.6,14.2,12.9,30.8,75.0,2972.0,520.26,15.0
11.9,97.0,111.1,10.6,8.6,35.3,66.9,2385.0,260.96,15.2
22.8,71.2,109.0,16.6,16.6,33.0,91.9,1243.0,291.56,19.7
24.1,117.5,38.4,7.6,24.2,26.5,66.1,328.0,63.12,63.9
15.0,108.3,77.4,10.8,15.1,27.0,70.0,1162.0,231.69,20.3
13.3,131.5,51.8,10.2,6.7,30.7,78.1,515.0,163.41,17.9
19.3,113.1,48.8,11.5,17.4,30.2,69.2,514.0,77.92,27.8
15.5,81.6,129.3,16.7,11.8,34.7,67.3,1971.0,234.65,19.5
9.4,110.8,35.0,12.3,22.1,32.5,81.0,813.0,196.15,23.2
11.5,63.0,80.3,16.9,13.7,30.0,63.1,2160.0,414.29,15.0
20.5,66.8,50.2,13.6,8.9,27.2,62.0,825.0,165.12,15.0
19.5,124.7,135.5,10.1,8.8,27.9,73.0,1094.0,259.48,33.7
9.4,83.6,96.8,17.1,20.4,32.5,85.2,2122.0,514.23,16.4
12.6,125.8,57.8,8.6,10.3,30.5,79.4,622.0,103.2,38.5
12.7,128.7,90.3,8.4,20.3,31.7,74.8,1064.0,277.42,41.6
19.8,132.9,117.8,12.6,9.1,27.2,79.8,1012.0,233.99,35.3
9.3,140.0,145.0,8.9,11.4,33.6,72.8,2340.0,468.22,36.7
10.7,81.7,56.5,5.1,14.3,36.1,92.8,1418.0,256.12,51.2
21.8,68.3,136.3,14.7,23.9,28.4,61.9,1633.0,225.0,26.5
11.9,99.9,142.1,12.7,23.6,31.4,83.6,2378.0,280.36,27.6
19.4,74.5,140.0,11.7,9.1,37.7,91.2,1491.0,324.32,23.5
12.8,102.1,106.2,19.5,12.2,29.3,88.1,1882.0,263.39,15.0
10.6,114.7,105.6,13.6,8.0,32.7,66.4,2165.0,505.48,19.3
12.9,112.6,78.4,18.0,15.2,26.2,70.4,1030.0,277.26,17.5
20.6,74.9,120.3,7.1,14.2,32.9,85.1,1180.0,362.26,83.4
22.7,50.0,93.8,13.5,23.0,26.2,62.9,1379.0,336.22,21.2
22.3,81.7,111.3,18.0,23.6,37.5,88.4,1316.0,163.26,48.4
15.4,47.1,81.4,13.7,12.7,34.3,85.2,2377.0,665.58,15.0
19.7,136.8,117.8,15.8,14.8,35.2,85.5,1000.0,153.04,28.8
12.3,71.5,128.9,10.6,22.9,34.2,63.5,2575.0,356.49,20.8
13.7,48.5,47.6,6.4,21.1,32.7,85.1,1621.0,284.6,24.4
23.3,33.1,130.0,11.9,5.1,30.8,83.8,3685.0,925.72,22.3
9.2,107.5,94.8,10.9,11.4,36.2,89.1,1746.0,531.65,15.0
10.4,106.4,131.4,18.0,13.4,37.4,61.5,2435.0,243.31,22.6
12.3,70.9,81.8,8.7,9.6,31.5,60.8,1542.0,518.96,30.0
9.4,38.6,75.5,19.5,9.0,37.1,73.1,4051.0,640.24,15.0
11.9,79.2,139.8,19.4,5.8,32.6,65.2,3533.0,319.9,17.3
18.3,67.3,60.1,8.7,17.9,32.0,79.5,936.0,262.67,21.6
15.7,111.3,131.3,10.2,10.3,30.9,92.1,1754.0,408.99,35.6
23.3,102.7,88.1,18.4,6.0,27.7,73.7,770.0,161.54,27.2
22.1,73.8,91.7,19.5,9.6,25.0,89.6,953.0,242.0,17.0
14.5,56.1,67.0,11.7,21.0,28.1,60.0,1717.0,433.29,15.7
13.2,148.6,98.8,9.8,22.0,31.6,65.9,1014.0,260.1,49.2
15.1,84.5,69.0,12.9,14.7,29.9,61.1,1029.0,301.37,28.5
18.4,112.6,34.7,15.3,13.3,30.8,71.5,271.0,70.39,19.9
13.3,46.9,62.6,9.1,24.6,37.7,91.8,1928.0,590.44,26.6
19.0,88.3,30.8,16.0,9.0,29.6,63.4,289.0,109.86,15.0
15.6,33.3,147.4,5.8,9.3,30.9,81.2,4550.0,701.91,31.2
17.8,90.7,145.9,5.7,10.8,26.7,75.8,1729.0,487.15,60.5
16.0,145.7,77.4,10.8,8.5,25.6,92.8,600.0,133.01,27.8
13.7,76.1,117.4,10.3,12.6,35.1,64.3,2729.0,399.44,15.0
24.2,34.7,71.5,9.7,23.2,32.4,67.4,1600.0,379.69,20.7
21.2,33.7,110.5,12.4,17.3,34.9,61.0,3489.0,343.62,15.0
11.2,76.6,126.7,9.8,13.2,26.9,75.2,2988.0,592.43,27.4
22.9,49.2,143.6,7.9,23.7,32.4,69.7,2810.0,699.05,43.0
16.8,32.8,78.0,9.6,6.0,28.3,90.4,2492.0,404.09,15.0
23.3,120.7,124.0,19.6,9.2,28.0,81.2,1076.0,163.23,18.2
21.8,85.0,61.9,11.2,16.3,25.1,81.5,678.0,192.35,53.9
15.8,64.7,148.8,11.7,17.3,26.7,78.6,3393.0,540.6,27.3
9.4,138.0,33.1,13.6,5.8,29.0,63.2,478.0,87.96,15.0
13.3,43.9,102.4,19.8,13.1,26.5,75.6,2805.0,659.47,15.0
17.7,144.7,109.1,8.6,18.0,37.8,95.0,928.0,174.09,112.2
19.1,67.7,112.6,15.2,19.0,29.0,89.2,1311.0,393.58,28.2
13.1,136.6,44.4,15.7,17.8,26.7,91.3,490.0,128.96,36.7
11.2,102.4,142.6,14.1,11.4,27.6,88.8,2101.0,472.57,15.0
22.4,129.2,51.7,6.3,6.9,32.6,63.6,381.0,94.39,38.3
24.8,148.1,104.7,15.2,13.5,25.8,68.0,708.0,118.16,53.6
17.4,64.6,56.7,6.0,7.6,36.2,60.1,991.0,169.12,19.7
11.7,145.3,66.9,13.9,24.0,37.5,70.6,908.0,181.41,24.8
13.4,76.7,95.6,16.1,14.5,28.2,63.8,1872.0,454.19,18.1
9.3,76.3,80.1,8.2,11.3,30.9,76.5,2254.0,478.06,25.5
23.6,70.8,49.2,17.6,20.3,25.3,83.7,715.0,65.47,21.2
10.9,95.0,50.5,5.5,15.0,33.3,90.6,1168.0,130.94,39.7
18.2,48.5,80.2,17.7,11.2,30.4,86.2,2074.0,284.96,15.0
13.4,96.4,120.9,11.9,21.2,28.5,92.9,1682.0,293.12,38.1
17.9,95.0,137.8,8.3,22.3,27.7,61.9,1660.0,380.92,72.6
19.4,121.4,40.1,7.0,18.5,33.5,60.4,293.0,35.25,62.1
22.3,130.0,77.2,19.3,5.9,30.4,83.1,518.0,133.81,21.7
12.3,82.9,42.0,6.1,16.3,27.3,70.1,818.0,126.23,32.9
9.2,66.3,32.0,8.0,20.3,34.0,68.9,1226.0,170.43,20.5
11.2,61.1,109.4,10.2,7.7,32.3,71.6,3833.0,657.71,15.0
23.4,53.4,102.3,14.3,9.6,36.2,69.4,1569.0,234.63,17.2
23.0,36.9,49.6,13.2,22.6,26.5,77.9,887.0,323.5,24.6
18.6,71.1,58.1,6.9,5.4,35.2,75.4,1039.0,103.03,16.5
18.6,62.4,32.8,9.3,20.1,33.8,77.9,473.0,106.8,17.4
19.6,146.0,130.2,8.6,14.5,26.5,83.5,964.0,245.12,99.1
11.8,96.9,147.0,8.2,13.9,34.0,73.5,1959.0,573.24,35.8
23.6,71.7,46.3,11.2,5.1,30.7,68.8,519.0,86.56,15.0
15.7,99.7,57.8,15.6,21.4,37.3,65.8,918.0,136.0,27.0
15.1,46.7,134.2,8.3,12.2,26.8,72.2,3040.0,916.74,23.3
17.3,83.3,141.2,10.5,15.8,33.4,86.0,1885.0,577.32,56.5
9.8,105.1,80.4,10.9,18.5,30.0,86.5,1416.0,436.71,43.9
11.7,88.7,36.1,19.6,19.1,37.4,83.3,839.0,117.57,15.0
20.8,78.2,34.7,19.3,24.1,29.3,68.2,506.0,127.87,15.8
10.3,149.3,98.9,17.0,15.6,37.5,80.6,1115.0,129.22,15.0
18.7,135.6,77.1,8.6,13.0,36.7,80.0,482.0,64.36,32.6
12.9,104.8,33.4,6.0,24.1,28.5,76.9,525.0,130.7,77.8
15.2,98.3,100.0,9.8,17.8,35.4,79.2,1226.0,186.83,51.0
13.6,104.5,31.4,9.0,11.0,37.9,77.2,479.0,49.43,15.0
14.7,54.2,124.5,12.6,7.5,28.3,79.8,2397.0,461.35,15.0
20.5,77.4,66.8,16.7,21.9,30.7,85.0,687.0,155.82,33.9
13.8,34.7,34.8,17.9,12.2,31.8,63.8,1594.0,358.87,15.0
18.1,87.1,100.6,17.7,18.2,28.8,86.2,1095.0,287.7,21.5
16.6,95.2,77.7,10.4,14.4,25.2,64.8,1159.0,145.02,35.3
19.6,57.3,146.9,15.3,9.0,27.9,62.3,2035.0,523.98,15.1
24.0,145.7,95.3,9.7,17.0,28.7,94.2,468.0,155.57,52.5
20.7,139.1,63.0,5.9,6.2,30.8,93.5,546.0,114.99,104.3
12.4,116.7,115.1,15.5,13.3,27.2,62.1,1534.0,261.25,15.0
9.5,94.0,62.6,5.1,15.9,36.4,75.5,1544.0,415.51,47.8
13.2,134.4,138.5,11.1,13.7,34.2,66.5,1314.0,377.56,32.3
18.5,45.7,75.0,9.9,20.0,26.1,77.0,1870.0,199.36,16.0
9.8,124.9,96.0,15.4,21.6,33.5,89.1,1742.0,167.53,20.1
16.9,45.0,36.1,16.5,20.4,33.5,93.3,859.0,126.55,15.0
18.5,125.3,81.1,9.6,5.8,37.4,82.2,813.0,171.44,42.3
14.3,63.1,129.9,17.2,8.9,25.0,72.4,3018.0,392.41,15.0
21.3,135.3,126.7,9.4,15.7,28.2,81.1,829.0,177.62,61.7
10.7,143.3,56.9,11.7,23.7,37.1,70.9,764.0,88.05,52.2
10.2,47.9,57.1,15.9,21.7,37.1,91.8,2430.0,665.05,15.0
20.7,85.5,128.1,15.4,21.9,34.4,90.5,1208.0,244.81,54.0
16.9,147.7,141.6,19.8,11.1,35.0,79.5,1078.0,319.06,28.0
20.0,88.0,41.4,8.4,13.6,26.2,71.4,434.0,135.98,56.7
16.0,133.6,84.0,14.9,14.4,31.7,70.3,749.0,79.76,15.1
12.9,100.6,70.5,14.1,8.1,28.0,61.2,1224.0,208.71,19.3
22.1,75.0,134.5,18.7,5.6,27.4,88.6,1607.0,170.14,15.8
21.8,64.3,40.0,7.3,23.9,35.5,75.8,697.0,160.97,41.7
20.1,54.4,55.3,16.3,9.8,26.8,71.4,907.0,206.05,15.0
13.4,121.4,120.3,13.5,9.8,31.1,76.5,1421.0,170.62,30.8
18.4,76.4,36.2,9.1,6.7,37.2,88.7,587.0,62.65,28.7
14.8,91.4,89.1,12.1,23.6,27.4,64.4,1351.0,233.29,37.1
10.5,89.1,83.1,10.0,16.6,37.7,90.0,1824.0,513.24,26.8
23.7,99.3,70.1,13.7,18.3,37.9,91.4,463.0,142.36,32.1
11.2,133.9,77.3,18.3,23.2,32.2,93.1,980.0,282.49,26.7
24.2,147.7,93.6,13.5,11.9,27.2,73.9,464.0,90.74,39.0
16.1,78.9,49.4,14.5,17.4,29.1,67.6,969.0,84.24,21.7
12.0,129.3,98.6,12.8,5.8,30.5,73.1,1153.0,376.09,15.4
17.7,121.7,126.7,5.8,8.7,29.0,71.7,1404.0,121.79,45.9
23.0,98.8,121.2,8.5,21.6,28.6,66.2,1162.0,309.26,120.0
20.7,144.7,48.5,12.4,20.3,37.6,81.3,298.0,56.17,37.9
21.9,54.1,47.9,9.7,12.0,27.0,76.7,827.0,82.55,25.2
19.5,43.1,62.2,7.7,12.5,34.5,90.3,1728.0,351.1,24.6
20.1,132.5,73.3,12.6,15.7,25.0,61.1,657.0,163.28,33.7
22.6,82.7,79.0,9.8,5.0,32.8,82.5,702.0,247.99,34.9
13.0,131.6,111.6,8.9,9.8,36.9,86.7,1200.0,172.43,23.5
16.8,137.2,36.8,12.0,9.2,28.7,86.6,293.0,43.44,17.4
12.5,37.5,34.2,7.0,10.0,27.4,91.0,1120.0,309.68,15.0
24.8,136.0,77.0,18.9,21.1,33.5,85.5,479.0,103.87,31.6
24.1,83.8,113.7,18.0,10.6,34.3,92.5,1325.0,278.96,30.0
9.6,91.3,53.2,15.6,8.8,33.9,71.6,1139.0,164.95,15.0
20.3,105.2,107.0,6.6,15.1,29.2,77.6,1123.0,292.54,71.5
23.8,141.2,61.2,16.6,22.3,28.3,60.5,387.0,82.93,62.9
11.9,32.3,136.3,17.1,9.8,37.4,60.2,6660.0,1913.2,15.0
18.1,87.2,137.5,16.5,6.6,37.0,68.4,1430.0,362.56,15.0
23.6,112.5,65.7,6.7,12.1,30.9,63.5,545.0,90.26,42.4
9.5,116.7,57.6,14.7,20.0,36.0,69.1,1218.0,305.53,26.4
20.2,113.1,79.4,17.5,16.0,30.9,66.2,761.0,150.65,23.4
13.8,46.1,58.9,13.7,21.3,30.5,61.0,1408.0,507.1,15.0
23.8,65.9,110.7,14.7,24.2,27.0,91.8,1211.0,410.24,35.6
24.5,73.0,129.1,11.9,20.9,30.5,60.3,1131.0,338.71,52.6
24.1,126.5,110.8,12.9,17.1,32.0,85.8,752.0,152.36,51.6
16.6,63.5,128.9,5.5,14.9,25.3,65.3,2764.0,246.7,43.5
22.8,55.3,77.6,14.6,5.8,30.8,91.9,992.0,133.09,17.1
22.5,144.9,48.8,6.2,24.7,35.2,91.2,350.0,41.9,120.0
14.1,31.1,118.6,11.5,12.7,33.8,82.9,5562.0,742.44,15.0
22.3,149.7,73.3,9.4,8.0,33.3,83.5,481.0,66.34,46.9
9.6,111.2,110.6,13.2,18.3,36.8,60.2,2561.0,333.65,17.9
18.5,129.4,62.5,7.0,10.7,25.2,94.5,412.0,89.58,33.0
12.7,65.4,39.7,15.4,16.7,32.2,90.7,1152.0,176.61,23.2
10.9,31.7,149.1,16.9,16.7,35.2,91.3,6995.0,1030.41,15.0
10.2,118.5,48.7,7.5,13.9,32.0,83.1,761.0,87.19,22.3
20.1,130.1,148.6,6.6,21.7,29.2,72.1,1334.0,266.33,120.0
14.4,118.9,147.3,7.2,10.3,26.8,91.3,2065.0,356.1,44.8
20.6,47.1,125.3,18.2,14.0,36.5,70.2,2588.0,487.2,15.7
10.0,120.4,109.1,12.9,15.8,31.1,79.7,1889.0,409.39,15.2
14.0,122.3,99.3,12.0,18.3,36.4,63.5,1277.0,307.21,39.1
17.6,109.0,133.9,6.6,20.7,32.6,92.3,1625.0,258.54,98.3
21.7,121.9,64.7,14.7,12.9,33.8,64.9,398.0,111.92,22.9
14.1,131.5,86.1,18.0,17.9,35.5,67.9,1073.0,270.04,30.8
19.0,103.6,104.3,17.4,8.0,33.6,79.5,1049.0,283.7,20.2
23.2,40.6,79.3,14.4,23.7,30.2,86.7,1644.0,312.09,25.4
18.9,88.5,81.3,6.1,12.7,31.7,81.7,937.0,223.06,66.5
12.7,39.3,69.6,6.7,19.6,35.4,68.1,2796.0,376.87,25.2
9.4,78.9,97.7,5.7,5.4,29.9,60.0,3224.0,559.4,19.6
22.9,78.9,132.1,8.9,9.1,30.0,86.5,1497.0,432.96,47.7
9.3,37.9,54.2,7.0,14.7,26.2,94.5,3753.0,623.11,15.0
23.0,71.9,142.1,8.9,22.6,36.9,88.3,1445.0,491.2,89.9
17.5,43.3,112.7,10.8,15.5,26.2,76.1,3313.0,540.64,23.4
24.0,127.0,128.8,19.1,23.6,33.4,91.6,976.0,253.09,44.2
21.8,143.7,96.7,14.2,14.7,30.4,74.3,673.0,133.41,27.6
25.0,38.7,123.5,17.5,14.8,30.3,78.4,2695.0,277.5,15.0
14.6,144.6,31.9,15.7,7.4,33.8,76.7,312.0,65.72,17.1
21.3,92.7,128.2,6.7,21.1,25.9,75.7,1535.0,201.39,78.8
15.4,65.9,34.8,16.0,9.9,32.7,87.1,794.0,72.87,15.0
16.7,39.2,136.8,9.1,23.0,35.0,78.4,3392.0,1104.78,23.9
19.0,90.1,149.0,14.6,23.2,35.8,71.1,2041.0,269.64,56.1
23.0,125.3,65.3,10.1,23.9,27.2,69.0,434.0,117.56,62.8
24.7,114.9,55.2,20.0,15.4,36.7,61.3,341.0,61.28,29.1
21.3,36.0,121.8,9.0,18.5,33.5,80.4,3764.0,441.14,23.1
15.7,38.7,60.4,9.2,20.6,36.5,68.0,1919.0,585.59,17.9
15.7,78.3,133.9,19.0,7.6,31.3,65.2,2506.0,374.11,18.8
20.8,65.4,42.3,5.4,17.0,32.0,82.9,549.0,137.04,74.2
12.8,57.9,45.1,15.5,5.7,36.9,83.8,914.0,269.91,15.0
10.8,63.7,147.5,15.9,15.0,36.7,86.3,4290.0,911.9,15.0
14.7,126.4,110.9,17.5,8.1,30.8,77.6,956.0,338.18,15.0
13.6,141.5,131.6,19.6,8.7,28.6,91.3,1542.0,321.4,21.8
13.7,78.6,68.9,19.6,12.3,30.1,92.8,1133.0,230.64,15.0
12.7,138.7,111.2,6.0,13.6,30.0,88.3,1223.0,342.85,57.2
9.7,68.6,101.3,17.3,17.5,28.7,82.2,2424.0,416.02,15.0
9.3,87.2,102.4,14.7,6.5,28.5,70.6,2260.0,528.27,15.0
24.8,57.1,111.9,14.7,15.1,36.2,94.4,1802.0,458.26,28.5
15.8,106.9,99.0,6.9,8.7,25.9,69.6,966.0,263.34,45.9
15.1,147.5,81.5,14.8,16.5,33.8,67.1,783.0,192.14,26.7
19.9,102.4,63.1,19.7,17.7,27.2,75.5,750.0,143.06,16.6
12.5,72.9,122.2,18.7,16.1,29.5,62.0,2924.0,718.71,17.0
24.2,107.7,57.2,11.6,19.8,25.8,94.2,507.0,126.66,63.6
21.6,44.8,113.1,5.6,11.7,28.5,80.6,1884.0,362.0,39.0
10.4,136.6,58.0,10.4,20.3,35.0,79.5,712.0,109.01,44.1
15.7,90.4,105.0,17.4,13.7,36.5,83.0,1775.0,291.74,15.0
23.1,83.9,119.6,15.5,14.7,27.9,77.4,1369.0,297.15,27.5
24.1,100.3,56.2,11.9,18.0,31.0,61.1,498.0,67.64,25.9
16.5,105.0,37.2,5.8,5.4,31.1,81.4,465.0,43.36,30.8
18.8,38.6,45.7,11.4,18.1,36.4,85.1,1205.0,212.18,15.0
11.7,111.9,102.7,12.0,17.4,34.9,74.6,1215.0,462.0,41.6
24.9,59.0,131.9,18.9,11.2,31.7,86.5,2054.0,429.74,16.4
12.7,115.7,35.4,14.6,6.7,33.7,67.9,525.0,86.83,17.8
24.1,128.7,118.1,9.7,6.8,36.0,67.7,752.0,105.55,26.6
19.4,126.5,71.0,12.9,23.5,25.1,65.6,694.0,99.06,31.6
18.7,96.3,87.4,6.0,18.8,30.2,73.0,890.0,129.91,52.1
17.2,92.4,141.5,19.6,7.5,36.8,89.6,1597.0,215.79,15.0
12.7,47.1,69.8,10.4,12.1,34.6,89.0,2770.0,656.8,15.0
11.8,123.0,85.8,12.2,16.8,32.1,73.4,1355.0,353.45,30.0
12.5,62.6,31.6,10.3,21.7,31.9,80.6,813.0,107.23,19.3
12.0,89.6,39.8,15.2,5.9,29.5,85.2,604.0,82.2,15.0
21.5,64.1,61.0,14.9,9.7,31.8,68.4,760.0,147.13,18.4
14.6,46.1,33.3,15.7,22.8,33.5,65.9,1069.0,190.7,15.0
9.9,105.5,105.8,9.0,5.2,30.4,94.0,1903.0,284.63,25.3
24.5,36.5,81.2,9.7,9.0,34.3,81.6,2119.0,290.74,19.7
23.1,119.8,95.8,6.9,24.2,36.2,94.3,846.0,96.83,120.0
23.8,68.1,51.0,14.8,17.3,27.0,71.8,723.0,159.93,25.8
24.9,30.0,65.5,5.6,10.2,30.9,84.6,1644.0,424.83,17.0
11.8,91.3,109.7,14.0,6.3,30.3,67.8,2332.0,462.61,15.0
15.3,35.6,145.8,18.0,5.6,33.9,69.1,4941.0,947.14,15.0
21.1,63.1,36.1,18.4,9.9,28.2,77.9,450.0,152.28,15.0
20.1,114.8,136.8,11.7,22.6,33.3,71.2,907.0,347.86,61.1
11.5,37.5,99.2,11.9,13.3,36.4,65.9,4350.0,621.65,15.0
22.1,130.7,97.7,6.2,19.4,30.4,69.2,814.0,97.98,90.8
12.6,30.5,90.0,15.1,23.4,36.8,61.3,4083.0,963.13,15.0
12.6,59.6,38.3,17.3,13.2,37.9,84.7,872.0,120.85,15.0
17.6,118.9,40.8,8.7,8.8,26.4,77.2,482.0,73.03,22.1
18.5,68.0,102.1,11.3,15.3,28.0,63.3,1240.0,351.72,31.2
18.3,42.2,70.9,17.6,23.2,37.4,66.0,2100.0,375.56,15.0
10.5,73.2,140.1,18.2,21.1,37.5,63.6,3330.0,607.57,18.3
23.0,62.4,78.8,8.6,6.3,26.3,81.4,842.0,228.35,26.1
13.2,131.1,47.2,13.3,18.9,25.2,63.3,657.0,158.51,24.2
11.1,67.6,115.8,7.9,16.4,27.1,86.4,2536.0,436.78,20.0
23.2,124.7,65.2,6.5,23.1,37.9,60.7,462.0,104.04,83.3
24.3,137.0,93.1,18.7,7.4,27.3,68.7,496.0,60.77,23.0
22.8,82.1,113.7,17.3,15.7,31.5,91.2,952.0,137.77,27.6
22.0,139.2,138.0,16.4,22.6,36.0,85.1,700.0,190.06,40.0
19.5,75.3,125.1,5.7,13.2,25.3,62.6,1378.0,206.33,49.2
17.8,145.7,111.2,17.7,14.6,32.9,88.7,673.0,89.49,26.0
10.4,40.7,111.6,11.6,6.4,28.6,77.3,5960.0,708.22,15.0
15.5,112.4,143.5,10.1,10.6,36.2,89.6,1631.0,349.93,41.3
15.0,89.3,65.5,13.2,11.5,28.7,81.0,904.0,236.06,15.0
13.2,76.5,30.1,6.4,23.9,33.9,83.9,574.0,84.11,59.1
20.6,105.9,62.6,16.3,10.7,33.8,94.8,698.0,134.3,16.7
16.9,114.5,56.1,13.7,14.2,27.9,68.1,698.0,79.08,15.0
10.3,30.5,109.4,7.8,18.4,25.5,81.8,7714.0,1550.58,24.0
12.5,50.0,106.0,7.8,8.2,30.3,76.1,4036.0,617.38,15.0
19.9,115.6,101.2,7.8,14.7,28.8,61.4,800.0,202.79,49.6
10.2,110.0,31.9,5.9,19.8,35.5,60.5,535.0,170.04,53.9
22.6,145.9,117.5,13.8,22.3,35.4,64.2,752.0,204.65,78.4
16.9,121.3,68.8,17.6,17.5,30.9,82.7,712.0,67.62,29.3
16.7,144.1,109.8,5.3,18.4,32.9,79.9,905.0,253.04,97.6
18.5,114.3,96.8,5.7,7.5,32.9,79.4,871.0,103.84,41.9
22.2,65.8,71.1,13.6,23.9,35.8,61.1,1211.0,283.22,34.5
14.6,42.6,46.1,17.3,7.7,30.5,76.4,1725.0,232.36,15.0
19.8,123.8,41.3,9.9,20.5,28.6,92.4,325.0,59.33,43.1
18.1,107.3,129.8,10.2,10.3,28.4,73.9,1492.0,158.57,25.3
13.3,35.8,140.2,13.9,23.7,32.0,81.9,5224.0,723.03,15.0
23.1,73.2,108.0,9.1,19.4,30.8,87.3,1024.0,313.88,59.6
21.8,144.8,42.4,5.4,20.1,30.7,87.4,249.0,77.76,98.5
19.5,90.0,78.2,16.0,9.4,26.2,78.2,846.0,197.62,18.3
22.6,81.9,117.5,14.4,13.9,34.3,90.0,962.0,308.43,27.1
22.9,84.9,123.6,13.7,17.4,27.8,73.7,1472.0,321.09,31.7
20.3,55.1,44.2,16.1,20.4,27.6,91.1,734.0,120.41,25.4
22.4,74.2,30.0,15.1,7.1,30.4,68.4,375.0,39.36,15.0
20.2,74.4,115.5,8.1,24.2,28.0,69.8,1212.0,154.58,60.4
19.9,36.3,72.8,10.3,22.8,32.6,61.9,1690.0,343.34,24.8
18.9,122.1,60.5,6.9,10.4,29.8,87.8,627.0,77.81,43.7
21.0,80.0,31.5,6.9,21.5,30.8,74.6,395.0,42.16,29.9
11.5,128.7,94.8,15.1,15.4,32.0,68.0,1565.0,173.65,17.8
23.1,132.0,132.1,17.9,14.2,27.6,68.1,1083.0,108.25,25.2
22.9,55.4,144.9,19.4,11.3,27.0,91.5,2132.0,644.62,19.2
9.5,108.9,97.9,14.4,16.6,36.4,89.2,1708.0,243.19,18.5
22.2,86.7,91.7,7.8,19.6,30.6,79.4,1124.0,197.77,42.9
11.1,135.6,40.2,6.6,13.2,30.4,81.6,670.0,117.18,36.6
14.4,55.9,95.9,17.2,17.6,25.5,76.6,2543.0,498.51,18.4
20.9,111.3,75.6,13.7,19.0,31.5,73.7,746.0,77.86,34.5
11.6,102.9,102.9,14.3,19.2,32.2,92.0,1970.0,282.82,28.5
22.1,65.4,76.6,16.7,6.0,32.3,64.4,984.0,116.94,15.0
22.3,46.4,58.8,15.5,22.2,34.2,74.6,1179.0,203.62,30.3
17.1,108.2,41.4,17.5,14.2,27.3,72.1,521.0,61.56,15.0
9.1,118.6,67.8,5.8,10.2,28.3,77.4,1374.0,266.6,24.6
13.6,67.9,41.6,16.2,9.8,35.5,76.0,686.0,215.12,15.0
18.9,107.4,51.2,17.8,14.7,37.3,78.2,464.0,104.37,18.8
24.7,77.4,148.5,9.3,22.7,26.8,64.9,1277.0,290.19,54.4
19.1,115.6,83.3,14.6,12.6,31.5,78.0,654.0,133.85,34.6
13.2,53.9,93.8,9.7,20.0,27.8,68.5,3182.0,709.97,17.7
19.1,136.8,134.8,19.4,6.9,25.8,66.5,791.0,148.12,26.0
17.6,64.5,149.5,5.5,14.5,29.2,62.3,2260.0,648.67,85.1
21.5,74.1,99.9,13.7,24.8,26.9,86.7,1136.0,315.67,64.0
10.7,37.0,127.5,7.5,20.4,34.2,75.0,6815.0,1183.72,15.7
21.2,43.4,69.2,15.7,9.2,31.9,81.9,1533.0,240.35,15.0
17.7,91.9,66.7,7.6,15.0,26.9,85.5,706.0,159.51,29.5
24.4,62.1,78.3,8.5,9.7,25.1,83.8,860.0,122.59,32.1
14.5,130.3,110.7,12.4,13.2,35.5,76.5,1020.0,128.26,40.2
19.1,31.8,111.9,18.7,20.6,27.3,73.6,3688.0,450.57,15.0
23.9,75.5,67.8,8.2,20.4,32.9,73.2,666.0,103.28,69.5
10.6,70.5,46.0,7.2,9.6,29.4,82.4,1501.0,246.3,15.0
24.0,32.3,105.9,16.4,23.4,32.6,77.3,2681.0,736.83,25.2
20.0,44.9,45.4,12.5,16.9,29.1,89.7,787.0,148.64,17.7
10.1,79.6,99.4,18.7,12.6,26.1,90.6,2759.0,710.6,15.0
13.8,89.1,113.2,7.2,15.0,27.9,66.0,1681.0,534.97,31.6
20.3,78.5,114.1,14.7,17.1,27.4,64.8,1539.0,417.03,30.6
10.1,93.7,120.4,8.5,16.2,30.6,82.1,2269.0,682.19,22.6
18.3,101.4,134.7,7.4,14.7,33.6,70.5,1502.0,250.66,69.9
14.5,31.2,90.0,15.3,15.1,28.4,60.6,4511.0,454.75,15.0
18.9,85.7,117.6,13.9,8.5,25.2,91.1,1760.0,309.95,20.7
9.7,145.6,104.3,16.3,21.3,31.7,67.9,1296.0,311.67,38.0
22.9,92.3,52.4,9.6,15.8,32.9,92.5,454.0,133.62,51.3
24.6,111.3,33.1,11.7,7.6,37.5,85.1,238.0,72.37,37.3
24.5,67.4,64.1,11.1,20.3,32.7,86.7,942.0,156.58,40.1
21.0,122.9,83.2,19.8,23.6,31.1,67.1,774.0,108.99,40.5
11.1,122.8,104.1,9.4,23.9,32.5,68.2,1216.0,209.87,42.1
21.1,92.6,132.0,9.4,12.4,37.1,78.2,1101.0,136.27,23.3
9.4,147.1,53.5,10.3,7.7,35.8,66.0,773.0,156.41,36.4
9.4,45.1,45.1,13.5,15.4,29.2,70.7,1718.0,451.37,15.0
14.2,32.0,145.6,8.8,7.3,28.1,71.3,5917.0,1699.24,15.0
16.8,122.4,43.0,18.7,23.7,28.4,65.6,344.0,83.86,21.2
21.3,126.9,87.4,9.0,8.7,31.6,67.2,690.0,183.08,44.7
19.9,44.4,100.3,18.4,10.1,34.7,87.6,2774.0,510.94,15.0
16.1,61.9,95.0,6.6,13.1,31.5,65.9,2375.0,510.04,34.7
13.4,32.1,40.3,14.8,12.7,25.9,61.0,1761.0,243.45,15.0
25.0,65.2,36.8,18.6,20.9,34.4,82.0,475.0,122.77,37.1
15.8,122.8,42.7,7.5,14.1,35.5,94.2,518.0,103.24,52.2
16.2,92.2,100.3,19.5,8.4,28.8,71.6,1085.0,179.82,20.8
11.6,71.8,95.3,11.8,10.3,33.6,64.2,2503.0,315.4,15.4
21.7,74.6,58.0,19.2,15.2,30.5,80.0,684.0,204.43,21.6
20.1,30.2,106.5,15.2,7.9,36.6,91.7,2998.0,374.1,15.0
12.5,66.0,128.4,9.5,17.2,36.0,87.4,2955.0,597.93,43.4
10.3,107.6,35.0,7.8,16.3,31.8,81.8,497.0,102.57,24.5
19.9,146.9,89.8,9.6,19.3,34.0,71.0,675.0,143.2,49.5
19.5,131.6,112.7,6.4,23.8,36.5,79.0,771.0,235.62,120.0
13.4,32.8,60.3,7.2,23.2,31.4,63.2,2487.0,472.51,27.2
24.2,137.8,66.9,6.6,23.9,29.1,83.8,325.0,74.36,120.0
11.4,124.0,103.6,11.3,9.9,34.8,85.4,1731.0,433.99,39.0
15.9,123.6,137.8,16.9,7.6,27.9,93.8,1395.0,359.46,21.3
24.1,85.0,127.2,7.1,11.0,30.1,69.1,1287.0,347.2,71.0
15.7,77.8,100.0,7.0,22.9,36.3,60.6,1693.0,307.2,44.0
19.2,66.3,117.6,14.7,24.4,34.4,79.1,1763.0,270.89,25.4
15.4,37.9,73.8,8.0,22.2,30.2,84.7,2146.0,462.42,25.8
13.4,57.4,106.9,6.5,7.2,27.8,87.7,3124.0,676.94,25.8
24.7,59.6,85.9,7.5,23.9,29.6,66.8,948.0,142.08,43.6
15.5,88.1,52.8,18.9,13.5,28.7,69.2,618.0,118.78,15.0
23.3,119.7,114.2,17.3,5.2,27.3,77.9,905.0,89.52,15.0
12.7,86.9,96.8,10.3,13.8,34.7,71.6,1502.0,327.72,32.0
12.4,36.9,73.0,14.8,5.9,28.3,90.1,2878.0,845.93,15.0
9.5,144.9,139.4,13.1,15.9,30.9,76.6,2000.0,212.46,18.6
19.4,143.1,32.5,15.2,11.8,30.0,88.0,228.0,54.97,24.6
14.9,124.2,67.9,15.2,14.5,37.8,80.3,810.0,210.23,43.7
22.8,149.0,36.8,14.4,17.3,30.1,87.1,230.0,31.92,46.4
16.6,95.3,122.0,9.0,22.4,26.0,71.6,1656.0,368.64,42.8
24.5,145.5,114.3,5.6,18.2,26.2,89.1,710.0,189.14,120.0
12.0,39.1,69.8,11.8,13.7,32.7,69.6,2674.0,872.57,15.0
22.9,73.9,111.1,18.4,21.4,32.8,79.1,1197.0,193.02,25.4
21.4,57.0,77.5,13.5,23.1,30.4,67.5,1229.0,152.29,23.1
21.3,53.5,120.8,17.5,7.4,30.6,76.6,1912.0,274.33,15.0
22.5,46.9,84.5,19.9,15.6,25.7,71.1,1989.0,384.77,16.0
21.2,104.7,79.5,7.5,10.7,31.7,69.3,830.0,175.76,75.3
19.0,123.8,142.2,15.4,5.9,31.6,93.8,1005.0,283.69,27.0
11.1,99.4,60.1,15.1,18.4,26.9,65.6,820.0,182.19,19.3
9.5,47.6,44.5,19.7,22.3,26.3,87.6,1512.0,262.61,15.0
23.7,127.3,100.1,19.8,8.3,26.6,94.4,578.0,143.25,38.2
18.9,106.3,146.3,15.3,21.2,26.3,60.7,1178.0,287.03,27.5
21.7,76.6,75.3,8.7,22.1,32.9,84.5,920.0,222.39,71.9
16.7,110.9,37.4,17.0,23.3,27.6,68.9,477.0,76.11,31.0
10.9,61.2,70.7,6.6,10.3,28.3,61.4,2377.0,356.43,20.3
11.0,71.4,90.7,16.7,23.1,27.3,74.1,1980.0,366.36,18.2
20.0,140.1,49.4,18.7,11.4,37.5,92.7,336.0,50.28,18.9
15.9,64.9,109.0,10.7,16.0,36.1,60.4,2124.0,323.96,17.2
12.2,86.4,149.7,14.5,6.0,28.0,80.6,3279.0,337.75,15.0
16.9,136.8,84.2,11.5,5.9,29.3,77.5,854.0,123.62,25.8
10.0,114.9,72.6,11.6,19.4,27.7,90.6,1517.0,135.15,20.8
18.3,37.5,78.1,9.7,13.9,31.4,62.9,2287.0,312.51,21.7
13.3,47.7,43.8,16.4,10.1,25.3,83.9,1516.0,344.52,15.0
21.8,30.9,136.0,19.0,8.8,33.7,83.8,3255.0,666.91,15.0
14.0,105.7,79.8,19.1,18.4,31.8,83.4,1116.0,252.52,30.6
16.3,83.7,76.5,7.6,5.0,36.7,93.0,981.0,273.05,26.5
9.2,46.1,109.2,18.1,21.1,27.1,88.8,4978.0,1114.52,15.0
10.2,145.0,83.0,16.1,6.6,35.5,61.5,1203.0,329.04,18.9
15.3,93.6,107.8,8.8,8.8,35.3,76.5,1325.0,157.26,26.6
16.7,59.0,37.4,6.0,12.7,26.7,73.9,589.0,188.08,17.7
18.6,90.1,127.6,9.0,14.7,30.2,70.9,1151.0,444.58,60.0
13.7,111.6,142.9,18.7,12.1,27.2,75.8,1426.0,510.61,28.5
20.1,39.1,107.9,14.5,11.4,28.3,73.4,2065.0,365.81,15.0
22.8,63.0,144.5,15.8,24.3,28.4,75.1,1624.0,333.56,29.2
21.5,126.8,48.2,8.9,17.8,32.2,94.3,308.0,47.56,49.2
9.6,85.2,87.3,15.8,5.5,30.3,63.1,1831.0,468.7,15.0
16.7,95.6,102.2,5.4,13.6,37.3,92.3,1593.0,310.7,53.5
10.7,81.9,99.8,10.6,22.5,26.6,76.8,2060.0,372.8,16.7
12.9,35.3,78.2,14.4,11.0,37.7,81.8,2802.0,715.99,15.0
24.8,49.9,70.6,7.2,6.9,28.0,89.1,1167.0,271.85,50.5
11.3,83.5,45.2,17.3,20.2,35.0,72.6,1133.0,177.01,15.0
17.0,55.1,77.0,8.5,17.1,29.4,75.1,1792.0,445.72,26.1
18.9,36.0,49.5,14.8,16.4,26.9,74.3,1308.0,370.38,15.0
20.2,131.2,118.1,11.1,6.1,36.2,73.1,917.0,100.45,18.9
18.0,147.7,55.1,13.9,7.8,29.0,92.4,460.0,93.08,17.4
9.2,125.2,37.0,6.6,17.5,33.6,89.0,720.0,95.02,30.3
14.2,132.5,96.3,5.3,9.2,32.4,63.8,1107.0,216.19,61.3
17.3,59.0,101.4,18.6,15.1,31.1,63.8,2357.0,579.28,15.0
10.4,145.3,134.6,9.0,15.9,31.4,75.0,2111.0,491.26,34.5
14.6,53.6,99.2,17.3,10.7,34.5,63.5,2633.0,458.23,15.0
9.5,144.2,71.5,20.0,24.0,26.1,81.7,1004.0,164.64,36.5
10.3,149.4,126.4,8.2,21.8,33.7,65.0,1766.0,242.27,47.1
15.4,115.4,94.8,9.0,19.4,36.6,78.3,1241.0,221.08,50.7
11.1,147.7,39.5,14.9,6.6,25.8,60.3,362.0,59.08,15.0
18.1,98.3,97.9,19.5,7.1,26.8,71.1,1372.0,231.09,17.3
20.0,61.1,139.0,18.7,14.9,34.3,83.7,1909.0,227.52,15.0
21.8,82.4,77.6,12.5,8.2,30.7,76.9,850.0,142.15,25.2
12.2,101.2,65.6,16.9,24.6,30.2,94.2,1259.0,152.84,16.3
11.7,38.8,47.2,7.0,8.2,26.8,90.6,1799.0,613.63,15.0
10.7,104.7,48.2,19.7,14.7,31.6,72.6,852.0,211.66,15.0
19.2,147.7,81.9,19.5,12.3,26.6,61.6,472.0,98.25,20.0
20.3,52.8,101.5,7.5,17.8,31.2,89.6,1793.0,224.43,31.0
9.5,125.1,39.7,9.5,7.6,34.9,91.9,560.0,135.69,15.0
24.0,138.9,142.7,6.5,13.6,28.4,88.7,798.0,122.27,72.0
9.8,143.2,120.6,9.1,10.5,31.3,64.5,1605.0,355.06,21.0
17.7,145.2,100.4,17.2,22.8,37.9,94.9,976.0,209.1,64.6
20.3,92.6,129.4,10.7,5.8,33.9,69.1,1714.0,306.67,45.5
22.9,147.3,39.6,6.3,23.3,35.9,85.3,189.0,53.2,106.3
20.4,120.9,87.2,10.1,21.7,30.4,91.8,786.0,147.11,80.2
21.8,49.4,105.6,19.7,11.0,35.0,68.2,1520.0,559.16,15.0
14.4,87.2,129.4,14.4,20.8,25.5,91.8,1573.0,588.95,29.3
22.0,116.2,124.0,11.2,5.6,26.6,70.8,777.0,196.19,27.7
10.3,59.7,63.2,7.5,24.3,27.6,94.2,2541.0,332.21,37.1
23.3,106.9,142.9,19.8,15.5,30.2,69.8,1400.0,220.11,24.8
17.8,110.0,44.9,17.3,11.1,36.0,93.4,390.0,63.15,19.2
22.1,49.5,135.0,9.2,12.3,29.5,61.9,2052.0,561.31,33.2
16.2,97.8,146.5,6.1,6.3,33.5,84.8,1606.0,369.05,36.1
19.3,122.6,51.3,5.8,24.8,34.2,78.6,437.0,52.29,86.6
17.4,89.9,116.6,6.8,5.8,32.6,76.7,1542.0,207.9,35.3
20.7,31.5,34.8,13.7,18.1,29.6,67.8,921.0,209.6,15.0
10.3,31.1,78.7,18.9,13.9,32.5,84.7,5540.0,1362.65,15.0
10.0,72.8,92.0,12.5,24.0,29.4,66.7,2292.0,540.32,20.2
13.0,141.1,99.7,17.6,9.9,26.1,79.3,1321.0,257.66,21.8
11.6,57.4,142.3,11.7,15.6,37.9,68.9,4625.0,719.73,25.0
22.9,106.1,110.7,15.6,14.6,26.7,93.4,880.0,194.75,36.8
12.5,56.6,87.8,16.0,19.1,25.9,61.0,2836.0,469.34,15.0
24.6,68.6,127.2,7.6,6.4,36.4,67.0,1746.0,349.17,38.0
14.4,131.8,144.1,10.4,8.9,28.9,68.5,1360.0,167.33,42.1
11.9,117.5,32.6,14.6,9.3,33.5,74.5,429.0,92.69,15.0
21.6,41.4,147.9,6.1,19.8,29.3,68.1,4018.0,525.15,37.8
19.5,81.4,40.3,10.4,8.8,30.1,77.2,422.0,83.76,15.0
17.0,33.5,127.7,13.0,16.5,28.4,90.5,3465.0,1312.82,16.3
17.9,87.7,63.6,19.9,9.3,29.5,84.9,793.0,110.78,16.2
20.5,109.5,45.9,12.1,22.2,30.3,80.3,470.0,66.28,43.0
12.7,44.2,82.8,17.2,23.8,34.4,63.1,3360.0,597.56,15.0
24.9,64.7,107.3,11.5,15.4,31.6,84.3,1609.0,362.63,40.4
24.6,77.7,75.7,16.9,12.0,37.3,65.8,805.0,145.19,15.0
19.4,140.3,36.5,13.9,9.7,25.5,87.5,215.0,66.77,26.2
12.2,149.2,101.9,18.3,6.0,31.5,68.8,1170.0,304.04,15.1
19.9,35.4,138.3,11.2,10.4,32.6,74.6,4478.0,636.75,15.0
10.2,121.3,76.0,14.1,18.1,37.0,72.3,983.0,220.24,30.4
9.5,74.6,56.0,14.5,15.7,25.6,90.1,1322.0,270.79,15.0
13.1,77.1,83.1,11.3,23.9,32.5,64.4,1242.0,437.96,46.2
16.4,120.5,35.8,7.2,12.9,36.1,79.8,379.0,39.44,34.3
22.9,140.2,128.5,6.4,18.9,28.1,65.0,955.0,129.42,120.0
20.6,144.1,129.2,5.3,14.8,36.4,84.7,943.0,204.91,119.5
20.9,99.3,100.6,18.1,15.3,25.2,91.7,1204.0,206.76,18.3
15.8,72.9,72.4,8.5,10.4,34.5,75.2,982.0,235.35,24.6
14.5,124.5,126.0,8.2,14.1,37.1,77.1,1673.0,289.57,52.0
14.9,60.1,96.6,16.0,14.4,33.5,92.5,2488.0,300.05,15.0
24.8,97.7,129.1,9.8,19.1,30.7,78.2,967.0,198.38,52.1
9.6,73.0,105.8,12.6,23.8,25.6,77.1,3716.0,601.91,21.2
22.9,108.8,124.1,7.4,11.6,37.0,80.2,892.0,279.58,54.1
18.3,58.8,101.8,19.4,5.8,31.1,84.1,2264.0,288.41,15.0
16.0,53.0,79.7,17.8,14.9,25.4,63.7,2235.0,513.72,15.0
20.6,140.2,145.0,18.0,15.9,34.0,88.7,1133.0,229.69,47.2
16.8,42.2,94.9,11.1,8.4,31.3,75.2,2764.0,278.82,15.0
23.0,90.7,102.6,16.4,20.2,26.6,62.5,798.0,241.17,29.3
23.4,56.5,56.5,7.2,24.7,27.8,87.5,867.0,91.43,47.4
15.7,34.7,105.1,5.1,23.9,25.8,73.2,3573.0,1152.7,40.8
13.4,34.3,98.6,5.3,8.9,32.5,63.5,4903.0,1174.45,23.4
18.5,51.0,52.2,13.8,22.5,33.1,82.2,1250.0,176.51,15.0
23.6,134.0,37.2,11.8,19.1,31.6,90.8,283.0,35.59,41.7
12.4,63.9,102.5,12.8,14.1,35.6,91.1,1965.0,457.3,15.0
19.0,144.1,121.6,5.1,15.8,36.2,93.5,1028.0,152.46,120.0
19.1,99.8,92.8,11.3,22.0,33.0,90.4,1187.0,169.85,47.4
20.7,82.4,57.2,15.8,14.6,25.2,60.1,767.0,109.64,17.1
11.1,99.6,110.0,11.6,12.5,34.0,73.3,1621.0,445.88,34.9
20.5,92.0,39.6,16.0,14.9,30.4,88.6,333.0,55.93,15.0
23.5,121.1,83.0,8.5,16.6,32.4,72.8,443.0,156.83,76.5
11.9,63.9,49.6,17.2,8.8,33.4,81.1,1392.0,343.17,15.0
12.8,72.4,52.1,13.8,23.0,29.6,81.2,1199.0,219.83,25.0
24.5,137.3,54.3,8.2,18.5,36.9,72.8,401.0,87.16,96.5
11.9,143.6,76.4,8.6,17.7,26.7,91.7,849.0,133.7,46.5
22.7,137.1,36.1,14.4,7.0,33.7,77.6,213.0,24.07,20.1
16.9,80.3,77.7,17.4,17.1,25.1,76.3,1218.0,256.69,16.6
13.0,123.6,91.4,11.2,7.4,37.0,94.9,1327.0,218.64,23.5
22.9,87.2,88.0,8.9,6.6,26.5,77.3,1073.0,187.93,30.8
16.1,89.7,75.9,18.0,15.5,26.2,66.2,1209.0,293.84,26.3
17.2,54.6,130.7,15.0,13.1,29.3,78.0,2677.0,817.09,15.0
14.7,100.9,47.4,11.7,16.8,29.9,88.5,680.0,144.62,23.9
18.5,52.3,90.7,12.3,6.8,27.8,87.2,2208.0,473.89,24.3
11.6,69.8,37.4,8.1,13.6,32.6,87.6,919.0,107.86,15.0
15.3,132.6,38.5,14.4,8.5,30.8,84.8,327.0,50.34,23.7
24.5,54.8,98.9,10.4,24.7,25.4,68.9,1228.0,362.75,44.0
13.1,38.5,97.9,19.9,16.2,29.2,90.2,2903.0,720.93,15.0
19.5,38.3,135.4,12.2,18.7,35.5,91.3,4021.0,685.88,23.9
14.2,142.9,96.9,12.3,11.5,34.0,66.8,770.0,154.5,18.4
21.4,90.8,145.2,13.5,6.9,34.4,64.6,1304.0,331.2,29.9
11.1,79.1,35.8,18.8,24.5,34.1,94.1,734.0,111.9,17.9
24.5,127.3,41.8,17.0,10.7,29.0,90.4,276.0,60.31,17.4
16.3,130.3,35.3,11.8,13.5,26.3,91.3,316.0,44.89,16.4
12.8,69.9,52.2,15.8,18.0,28.5,91.0,1273.0,131.97,15.0
10.2,113.2,95.0,13.8,5.5,35.8,79.0,1282.0,273.7,15.0
11.7,122.5,107.5,12.4,21.2,37.7,82.6,1216.0,218.93,53.8
17.3,108.6,35.5,7.9,15.7,31.4,79.1,377.0,104.83,34.6
14.4,48.2,143.5,12.0,10.6,25.1,61.8,3801.0,459.33,16.0
22.3,135.1,131.1,8.7,6.2,26.8,86.1,783.0,117.93,74.6
15.9,94.7,65.6,18.7,8.2,29.2,77.7,683.0,182.82,15.0
13.0,63.9,39.3,10.0,22.9,32.5,82.7,1134.0,185.78,32.9
18.9,81.0,50.4,19.3,18.7,26.0,77.6,722.0,71.94,19.3
20.3,34.5,45.2,13.0,10.0,37.3,77.2,1047.0,130.96,15.0
11.7,45.3,44.8,14.5,6.3,29.7,66.0,1325.0,503.75,15.0
11.7,121.9,92.2,13.1,18.8,36.9,69.8,1603.0,300.29,36.6
9.6,30.0,59.5,6.9,16.4,35.1,65.6,4512.0,716.14,15.0
20.8,80.0,73.0,10.6,13.1,34.8,66.8,842.0,170.41,34.2
19.6,92.7,148.7,6.5,12.3,32.9,94.1,1800.0,250.74,49.9
16.6,36.6,112.1,14.3,9.3,33.1,65.4,4170.0,624.61,15.0
22.5,146.8,143.9,11.7,18.4,33.3,69.4,993.0,200.19,61.6
21.9,57.1,47.1,16.7,24.4,33.2,80.7,745.0,208.33,28.9
18.4,66.5,75.9,8.3,8.5,32.2,81.4,1199.0,169.96,41.5
22.9,66.5,96.6,7.5,16.9,37.8,65.4,959.0,340.23,72.0
12.3,57.6,39.2,11.1,13.5,34.5,87.8,1343.0,137.55,15.0
10.8,30.2,30.5,18.9,13.9,35.1,87.5,1970.0,267.9,15.0
13.3,117.5,110.5,15.7,10.1,36.3,68.3,1202.0,151.66,15.0
9.9,146.0,107.0,11.3,21.5,27.8,70.1,1789.0,189.5,30.0
17.5,56.9,79.3,12.8,14.7,26.1,92.8,1923.0,451.37,21.2
24.0,109.6,88.8,6.3,15.9,31.3,88.9,841.0,129.61,120.0
9.6,119.0,79.9,19.8,11.1,31.7,84.4,1654.0,160.98,15.0
11.0,131.8,32.9,15.0,8.6,35.8,62.9,569.0,132.97,15.0
16.2,80.7,70.2,9.3,6.7,30.8,74.6,935.0,295.68,17.1
23.9,66.4,51.2,13.8,19.3,32.4,79.6,756.0,161.91,28.7
14.1,69.0,41.8,6.6,8.9,31.9,66.6,1001.0,247.02,15.6
17.1,115.5,144.8,19.5,18.8,25.5,75.7,1268.0,210.97,15.7
9.7,128.0,101.9,7.6,12.8,33.0,81.0,1317.0,440.35,33.0
11.4,51.8,117.4,14.7,13.3,35.8,71.5,4943.0,948.95,15.0
24.8,74.5,67.8,8.7,14.4,27.0,87.3,660.0,201.27,45.3
24.4,138.2,77.2,15.8,12.4,32.7,89.4,542.0,118.5,51.4
9.1,126.8,58.4,16.7,7.0,32.7,71.3,763.0,171.85,15.0
24.2,148.2,41.6,15.1,11.2,27.1,89.4,176.0,59.12,29.1
19.2,120.5,51.5,14.2,18.3,26.6,63.6,437.0,67.77,36.3
22.9,77.2,125.7,18.4,18.3,37.7,89.3,1237.0,235.85,23.3
16.3,100.9,111.3,6.2,10.7,30.1,65.3,1485.0,164.85,64.1
17.2,109.3,95.6,10.0,14.2,28.0,62.9,1048.0,291.11,41.4
16.8,39.4,87.0,8.7,8.9,27.2,82.5,2070.0,415.23,18.9
19.7,95.3,140.7,19.8,9.2,33.7,76.5,1247.0,306.28,23.0
11.2,115.1,38.7,10.8,5.5,32.9,91.8,565.0,106.77,21.9
9.5,50.1,63.7,16.0,22.9,33.4,72.7,2261.0,783.25,15.0
13.9,123.7,72.0,15.3,9.2,26.1,70.1,958.0,139.61,15.0
20.3,100.1,123.9,8.2,9.6,36.6,77.5,1170.0,312.34,32.7
12.2,144.3,149.1,8.6,10.6,30.1,76.0,1347.0,458.18,47.6
19.8,35.1,58.9,9.2,7.5,29.1,72.1,1684.0,317.55,15.0
24.5,61.8,134.9,11.2,17.8,31.0,84.3,1416.0,312.57,36.6
10.5,102.2,129.7,8.5,6.5,30.1,86.6,1968.0,603.06,34.4
19.8,65.6,57.0,5.3,7.7,36.2,89.9,764.0,248.36,59.8
16.1,115.7,77.9,18.2,17.9,37.1,94.0,987.0,209.92,31.9
22.9,121.1,79.2,19.5,11.8,28.9,69.3,693.0,83.07,24.6
11.8,42.3,147.4,10.1,19.2,36.2,85.1,6849.0,1634.92,15.0
20.1,91.7,51.7,10.1,16.1,35.2,73.8,515.0,99.73,49.2
22.4,91.1,125.9,5.1,10.1,37.1,83.7,1093.0,265.58,87.4
24.1,74.3,70.1,15.2,18.0,28.2,76.7,802.0,208.34,29.1
19.9,142.0,117.7,17.4,7.3,32.5,94.8,924.0,114.55,25.1
17.0,129.3,80.4,7.2,15.7,28.6,85.5,914.0,188.44,61.8
18.9,113.7,99.4,7.4,13.7,35.7,93.3,756.0,203.04,82.3
22.9,115.7,129.9,16.9,10.4,25.1,89.2,759.0,273.2,24.7
18.1,85.4,126.5,14.2,17.1,32.3,91.6,1793.0,219.59,30.8
9.5,140.5,134.0,5.7,22.4,29.4,88.5,2344.0,370.13,81.1
23.9,113.4,37.2,14.3,25.0,29.2,76.1,322.0,73.13,35.5
20.0,117.5,113.0,9.6,17.2,33.4,68.8,1046.0,99.77,38.4
19.8,133.4,46.8,10.5,13.1,36.1,73.0,434.0,43.33,21.3
12.5,62.9,79.9,16.5,9.5,32.9,60.7,2052.0,608.39,15.0
19.5,126.8,95.8,17.2,10.1,36.1,78.3,933.0,120.68,22.0
15.3,53.4,78.3,11.0,14.6,28.4,77.7,2364.0,565.48,21.3
19.4,71.4,92.4,19.2,12.3,31.8,78.4,1562.0,181.74,15.0
10.7,70.3,149.6,11.1,23.3,30.9,94.1,3598.0,684.85,17.4
19.5,147.4,46.2,16.6,12.4,25.2,91.9,272.0,80.48,37.7
25.0,132.8,111.1,12.3,12.5,32.2,65.7,685.0,154.99,47.0
9.8,114.1,77.5,18.5,12.7,33.6,72.9,1357.0,300.58,15.0
24.6,117.2,46.0,18.6,21.7,32.7,74.8,378.0,65.55,33.1
15.5,97.4,49.0,6.3,18.0,34.6,72.6,519.0,174.38,56.4
22.9,143.7,143.9,19.0,17.3,32.4,87.9,768.0,128.43,37.7
21.5,89.6,135.6,17.4,11.7,25.9,78.3,1584.0,265.19,21.4
18.1,75.7,138.8,16.9,21.4,26.5,80.0,1620.0,266.22,15.3
20.8,49.6,149.0,8.0,5.8,32.8,89.9,2629.0,633.05,23.8
23.1,124.3,55.0,17.1,22.4,28.6,88.2,362.0,57.59,40.2
15.5,118.1,72.7,17.8,15.3,26.0,64.6,844.0,132.63,26.0
14.2,76.1,110.3,9.3,13.0,30.6,85.0,1688.0,395.54,45.6
19.7,33.0,88.1,19.3,14.9,32.2,75.2,3198.0,285.47,15.0
21.9,130.7,80.2,5.7,18.3,29.3,70.3,545.0,66.28,76.6
21.2,31.4,72.9,7.2,5.3,34.4,61.8,2651.0,520.34,26.0
21.8,114.4,101.3,13.1,22.4,33.4,77.1,800.0,151.05,39.7
16.0,146.4,99.1,13.6,13.9,29.3,72.4,752.0,231.29,22.3
22.1,82.5,49.4,14.7,11.9,34.8,68.8,445.0,129.47,25.1
10.9,58.2,86.6,5.3,7.8,33.4,84.3,2049.0,276.9,25.6
17.7,114.6,96.4,19.4,13.8,33.3,86.9,965.0,212.21,15.0
9.1,128.1,98.4,5.7,14.9,32.2,68.6,1359.0,200.78,46.8
14.2,95.6,55.2,7.1,13.1,25.1,61.7,770.0,208.55,31.5
14.9,146.0,119.1,5.2,18.6,34.1,89.7,1146.0,327.26,119.0
15.3,36.2,33.0,13.5,13.4,29.9,60.3,1056.0,245.32,15.0
20.1,90.6,72.6,19.0,24.2,37.3,92.8,667.0,188.36,33.6
15.2,116.2,123.6,15.0,17.0,35.6,82.0,1590.0,206.17,27.5
16.2,133.5,97.7,17.3,21.1,32.6,71.3,1106.0,169.56,26.2
12.8,51.5,61.3,5.2,7.2,28.3,68.6,1489.0,504.61,21.1
15.0,126.0,113.4,13.1,12.9,27.6,60.3,995.0,160.47,23.1
12.6,96.3,98.1,11.9,11.7,29.4,68.2,1982.0,246.76,26.2
10.2,77.6,125.5,12.5,16.4,31.2,64.8,2447.0,601.66,20.8
18.7,45.8,118.2,6.1,22.2,28.8,81.4,3427.0,670.75,46.9
19.7,133.8,103.2,15.3,6.6,31.7,65.8,589.0,137.21,19.4
18.9,48.9,88.6,12.5,6.5,27.1,78.5,2275.0,547.33,19.0
16.4,67.2,46.0,16.5,22.0,37.7,80.7,754.0,99.15,22.8
15.1,64.8,61.4,12.3,9.3,26.4,70.4,1531.0,218.75,15.0
22.8,134.6,80.3,7.2,18.4,37.1,61.2,475.0,126.48,101.9
